-- phpMyAdmin SQL Dump
-- version 5.2.1
-- https://www.phpmyadmin.net/
--
-- Hôte : localhost
-- Généré le : lun. 17 mars 2025 à 15:41
-- Version du serveur : 8.0.34
-- Version de PHP : 8.2.17

SET SQL_MODE = "NO_AUTO_VALUE_ON_ZERO";
START TRANSACTION;
SET time_zone = "+00:00";


/*!40101 SET @OLD_CHARACTER_SET_CLIENT=@@CHARACTER_SET_CLIENT */;
/*!40101 SET @OLD_CHARACTER_SET_RESULTS=@@CHARACTER_SET_RESULTS */;
/*!40101 SET @OLD_COLLATION_CONNECTION=@@COLLATION_CONNECTION */;
/*!40101 SET NAMES utf8mb4 */;

--
-- Base de données : `provisoire`
--

-- --------------------------------------------------------

--
-- Structure de la table `achats`
--

CREATE TABLE `achats` (
  `id` int NOT NULL,
  `article_id` int NOT NULL,
  `commande_id` int NOT NULL,
  `fournisseur_id` int DEFAULT NULL,
  `quantite` int DEFAULT NULL,
  `date_entre` date DEFAULT NULL,
  `prix` int NOT NULL,
  `created_at` timestamp NULL DEFAULT CURRENT_TIMESTAMP,
  `updated_at` timestamp NULL DEFAULT CURRENT_TIMESTAMP
) ENGINE=InnoDB DEFAULT CHARSET=utf8mb4 COLLATE=utf8mb4_general_ci;

--
-- Déchargement des données de la table `achats`
--

INSERT INTO `achats` (`id`, `article_id`, `commande_id`, `fournisseur_id`, `quantite`, `date_entre`, `prix`, `created_at`, `updated_at`) VALUES
(1, 1, 1, 2, 2000, '2025-03-04', 1200, '2025-03-02 12:12:54', '2025-03-02 12:12:54'),
(2, 6, 1, 3, 1500, NULL, 2000, '2025-03-02 14:01:00', '2025-03-02 14:01:00'),
(3, 9, 3, 3, 40, '2025-03-04', 1400, '2025-03-04 05:11:12', '2025-03-04 05:11:12'),
(4, 1, 3, 3, 60, '2025-03-04', 2000, '2025-03-04 05:11:12', '2025-03-04 05:11:12'),
(5, 8, 4, 1, 25, '2025-03-04', 4000, '2025-03-04 05:11:42', '2025-03-04 05:11:42'),
(6, 10, 5, 1, 47, '2025-03-04', 3500, '2025-03-04 05:13:42', '2025-03-04 05:13:42'),
(7, 12, 5, 1, 100, '2025-03-04', 3200, '2025-03-04 05:13:42', '2025-03-04 05:13:42'),
(8, 9, 9, 1, 9, '2025-03-04', 1500, '2025-03-04 08:12:43', '2025-03-04 08:12:43'),
(9, 11, 9, 1, 23, '2025-03-04', 1000, '2025-03-04 08:12:43', '2025-03-04 08:12:43'),
(10, 7, 14, 1, 14, '2025-03-04', 5000, '2025-03-04 10:24:52', '2025-03-04 10:24:52'),
(11, 1, 21, 1, 40, '2025-03-04', 1000, '2025-03-04 12:38:54', '2025-03-04 12:38:54'),
(12, 11, 22, 1, 14, '2025-03-04', 1400, '2025-03-04 13:16:52', '2025-03-04 13:16:52'),
(13, 14, 22, 1, 36, '2025-03-04', 4700, '2025-03-04 13:16:52', '2025-03-04 13:16:52'),
(14, 12, 28, 1, 12, '2025-03-06', 3000, '2025-03-06 10:58:50', '2025-03-06 10:58:50'),
(15, 15, 29, 1, 12, '2025-03-06', 2000, '2025-03-06 11:00:18', '2025-03-06 11:00:18'),
(16, 1, 32, NULL, 1, '2025-03-06', 1200, '2025-03-06 11:34:37', '2025-03-06 11:34:37'),
(17, 12, 33, NULL, 1, '2025-03-06', 2500, '2025-03-06 11:36:17', '2025-03-06 11:36:17'),
(18, 12, 34, NULL, 1, '2025-03-06', 2500, '2025-03-06 11:36:41', '2025-03-06 11:36:41'),
(19, 16, 35, 1, 10, '2025-03-06', 4000, '2025-03-06 11:38:36', '2025-03-06 11:38:36'),
(20, 6, 37, NULL, 1, '2025-03-06', 2000, '2025-03-06 12:00:56', '2025-03-06 12:00:56'),
(21, 11, 37, NULL, 1, '2025-03-06', 2500, '2025-03-06 12:00:56', '2025-03-06 12:00:56'),
(22, 9, 84, NULL, 47, '2025-03-07', 1500, '2025-03-07 06:10:06', '2025-03-07 06:10:06'),
(23, 11, 85, 2, 4, '2025-03-07', 2500, '2025-03-07 06:17:11', '2025-03-07 06:17:11'),
(24, 7, 85, 2, 6, '2025-03-07', 1200, '2025-03-07 06:17:11', '2025-03-07 06:17:11'),
(25, 1, 85, 2, 2, '2025-03-07', 4000, '2025-03-07 06:17:11', '2025-03-07 06:17:11'),
(26, 18, 95, NULL, 12, '2025-03-07', 3948, '2025-03-07 07:25:18', '2025-03-07 07:25:18'),
(27, 17, 106, 4, 3, '2025-03-07', 3400, '2025-03-07 09:22:53', '2025-03-07 09:22:53'),
(28, 12, 109, NULL, 8, '2025-03-07', 2500, '2025-03-07 11:35:45', '2025-03-07 11:35:45');

-- --------------------------------------------------------

--
-- Structure de la table `articles`
--

CREATE TABLE `articles` (
  `id` int NOT NULL,
  `categorie_id` int DEFAULT NULL,
  `nom` varchar(50) NOT NULL,
  `reference` varchar(20) DEFAULT NULL,
  `conditionnement` int DEFAULT NULL,
  `imagep` varchar(200) DEFAULT NULL,
  `prix_unitaire` int NOT NULL,
  `prix_consignation` int DEFAULT NULL,
  `prix_cgt` int DEFAULT NULL,
  `prix_achat` int DEFAULT NULL,
  `prix_conditionne` int DEFAULT NULL,
  `quantite` int NOT NULL,
  `created_at` timestamp NULL DEFAULT CURRENT_TIMESTAMP,
  `updated_at` timestamp NULL DEFAULT CURRENT_TIMESTAMP
) ENGINE=InnoDB DEFAULT CHARSET=utf8mb4 COLLATE=utf8mb4_general_ci;

--
-- Déchargement des données de la table `articles`
--

INSERT INTO `articles` (`id`, `categorie_id`, `nom`, `reference`, `conditionnement`, `imagep`, `prix_unitaire`, `prix_consignation`, `prix_cgt`, `prix_achat`, `prix_conditionne`, `quantite`, `created_at`, `updated_at`) VALUES
(1, 3, 'pilsener 65 cl', NULL, 24, NULL, 4000, 700, 3000, NULL, NULL, 2765, '2025-03-02 11:02:32', '2025-03-17 10:09:59'),
(6, 9, 'Crstaline 100cl', NULL, 20, NULL, 2000, 700, 3000, NULL, NULL, 1841, '2025-03-02 12:11:35', '2025-03-17 11:10:40'),
(7, 1, 'pilsener 33 cl', NULL, 20, NULL, 1200, 700, 3000, NULL, NULL, 1, '2025-03-04 02:37:04', '2025-03-17 07:04:33'),
(8, 3, 'gold  blanche', NULL, 24, NULL, 2000, 700, 3000, NULL, NULL, 860, '2025-03-04 02:38:04', '2025-03-17 11:45:45'),
(9, 1, 'gold cannette 33 cl', NULL, 20, NULL, 1500, 700, 3000, NULL, NULL, 637, '2025-03-04 02:39:03', '2025-03-17 08:51:21'),
(10, 6, 'queens 100 cl', NULL, 24, NULL, 2300, 700, 3000, NULL, NULL, 885, '2025-03-04 02:50:31', '2025-03-17 09:53:56'),
(11, 6, 'queens 33 cl', NULL, 24, NULL, 2500, 700, 3000, NULL, NULL, 17, '2025-03-04 02:53:00', '2025-03-17 11:45:45'),
(12, 7, 'beau fort 33 cl', NULL, 20, NULL, 2500, 700, 3000, NULL, NULL, 318, '2025-03-04 02:54:05', '2025-03-17 09:53:56'),
(14, 2, 'fanta 100 cl', NULL, 20, NULL, 3000, 700, 3000, NULL, 20000, 5, '2025-03-04 04:37:41', '2025-03-14 07:26:50'),
(15, 2, 'Limonade', NULL, 24, NULL, 1500, 700, 3000, NULL, NULL, 1411, '2025-03-04 13:16:10', '2025-03-17 11:10:40'),
(16, 7, 'petit test', NULL, 20, NULL, 4000, 700, 3000, NULL, 70000, 156, '2025-03-06 09:59:48', '2025-03-15 17:04:00'),
(17, 3, 'GOLD Masters', NULL, 20, NULL, 3400, 800, 3000, 0, NULL, 11, '2025-03-07 06:30:47', '2025-03-16 11:35:39'),
(18, 8, 'Booster 50 cl', NULL, 20, NULL, 3948, 700, 3000, 4000, 79000, 182, '2025-03-07 07:24:17', '2025-03-17 11:10:40'),
(19, 1, 'test', NULL, 20, NULL, 3600, NULL, NULL, 3800, NULL, 0, '2025-03-12 01:11:15', '2025-03-12 01:11:15');

-- --------------------------------------------------------

--
-- Structure de la table `cache`
--

CREATE TABLE `cache` (
  `key` varchar(255) COLLATE utf8mb4_unicode_ci NOT NULL,
  `value` mediumtext COLLATE utf8mb4_unicode_ci NOT NULL,
  `expiration` int NOT NULL
) ENGINE=InnoDB DEFAULT CHARSET=utf8mb4 COLLATE=utf8mb4_unicode_ci;

--
-- Déchargement des données de la table `cache`
--

INSERT INTO `cache` (`key`, `value`, `expiration`) VALUES
('admins@gmail.com|127.0.0.1', 'i:1;', 1739268983),
('admins@gmail.com|127.0.0.1:timer', 'i:1739268983;', 1739268983),
('chams@gmail.com|::1', 'i:2;', 1740897694),
('chams@gmail.com|::1:timer', 'i:1740897694;', 1740897694),
('chams@gmail.com|127.0.0.1', 'i:1;', 1739268911),
('chams@gmail.com|127.0.0.1:timer', 'i:1739268911;', 1739268911);

-- --------------------------------------------------------

--
-- Structure de la table `cache_locks`
--

CREATE TABLE `cache_locks` (
  `key` varchar(255) COLLATE utf8mb4_unicode_ci NOT NULL,
  `owner` varchar(255) COLLATE utf8mb4_unicode_ci NOT NULL,
  `expiration` int NOT NULL
) ENGINE=InnoDB DEFAULT CHARSET=utf8mb4 COLLATE=utf8mb4_unicode_ci;

-- --------------------------------------------------------

--
-- Structure de la table `categories`
--

CREATE TABLE `categories` (
  `id` int NOT NULL,
  `nom` varchar(50) NOT NULL,
  `reference` varchar(20) DEFAULT NULL,
  `imagep` varchar(200) DEFAULT NULL,
  `created_at` timestamp NULL DEFAULT CURRENT_TIMESTAMP,
  `updated_at` timestamp NULL DEFAULT CURRENT_TIMESTAMP
) ENGINE=InnoDB DEFAULT CHARSET=utf8mb4 COLLATE=utf8mb4_general_ci;

--
-- Déchargement des données de la table `categories`
--

INSERT INTO `categories` (`id`, `nom`, `reference`, `imagep`, `created_at`, `updated_at`) VALUES
(1, 'THB', NULL, NULL, '2025-03-02 10:09:38', '2025-03-02 10:09:38'),
(2, 'BOISSON GAZEUSE', NULL, NULL, '2025-03-02 10:09:57', '2025-03-02 10:09:57'),
(3, 'GOLD', NULL, NULL, '2025-03-02 10:09:57', '2025-03-02 10:09:57'),
(5, 'XXL', NULL, NULL, '2025-03-04 02:43:57', '2025-03-04 02:43:57'),
(6, 'QUEENS', NULL, NULL, '2025-03-04 02:47:21', '2025-03-04 02:47:21'),
(7, 'BEAU FORT', NULL, NULL, '2025-03-04 02:48:58', '2025-03-04 02:48:58'),
(8, 'ALCOOL  MIX', NULL, NULL, '2025-03-04 03:07:52', '2025-03-04 03:07:52'),
(9, 'CRISTALINE', NULL, NULL, '2025-03-11 16:49:45', '2025-03-11 16:49:45');

-- --------------------------------------------------------

--
-- Structure de la table `clients`
--

CREATE TABLE `clients` (
  `id` int NOT NULL,
  `nom` varchar(50) NOT NULL,
  `numero` varchar(20) DEFAULT NULL,
  `reference` varchar(10) DEFAULT NULL,
  `created_at` timestamp NULL DEFAULT CURRENT_TIMESTAMP,
  `updated_at` timestamp NULL DEFAULT CURRENT_TIMESTAMP
) ENGINE=InnoDB DEFAULT CHARSET=utf8mb4 COLLATE=utf8mb4_general_ci;

--
-- Déchargement des données de la table `clients`
--

INSERT INTO `clients` (`id`, `nom`, `numero`, `reference`, `created_at`, `updated_at`) VALUES
(1, 'MRANA', NULL, NULL, '2025-03-04 06:00:26', '2025-03-04 06:00:26'),
(2, 'JAVER', NULL, NULL, '2025-03-04 06:00:26', '2025-03-04 06:00:26'),
(3, 'PAPAYA', NULL, NULL, '2025-03-04 06:00:26', '2025-03-04 06:00:26'),
(4, 'LORIE', NULL, NULL, '2025-03-04 06:00:26', '2025-03-04 06:00:26'),
(5, 'patron', '0325514521', NULL, '2025-03-04 06:07:16', '2025-03-04 06:07:16');

-- --------------------------------------------------------

--
-- Structure de la table `commandes`
--

CREATE TABLE `commandes` (
  `id` int NOT NULL,
  `client_id` int DEFAULT NULL,
  `user_id` bigint UNSIGNED NOT NULL,
  `date_commande` date DEFAULT NULL,
  `created_at` timestamp NULL DEFAULT CURRENT_TIMESTAMP,
  `updated_at` timestamp NULL DEFAULT CURRENT_TIMESTAMP,
  `fournisseur_id` int DEFAULT NULL
) ENGINE=InnoDB DEFAULT CHARSET=utf8mb4 COLLATE=utf8mb4_general_ci;

--
-- Déchargement des données de la table `commandes`
--

INSERT INTO `commandes` (`id`, `client_id`, `user_id`, `date_commande`, `created_at`, `updated_at`, `fournisseur_id`) VALUES
(1, 2, 1, '2025-03-12', '2025-03-02 12:01:53', '2025-03-02 12:01:53', 0),
(2, 3, 1, '2025-03-06', '2025-03-02 12:02:06', '2025-03-02 12:02:06', 0),
(3, NULL, 1, NULL, '2025-03-04 08:11:12', '2025-03-04 08:11:12', NULL),
(4, NULL, 1, NULL, '2025-03-04 08:11:42', '2025-03-04 08:11:42', NULL),
(5, NULL, 1, NULL, '2025-03-04 08:13:42', '2025-03-04 08:13:42', NULL),
(6, 1, 1, NULL, '2025-03-04 11:08:32', '2025-03-04 11:08:32', NULL),
(7, 4, 1, NULL, '2025-03-04 11:09:53', '2025-03-04 11:09:53', NULL),
(8, 4, 1, NULL, '2025-03-04 11:11:12', '2025-03-04 11:11:12', NULL),
(9, NULL, 1, NULL, '2025-03-04 11:12:43', '2025-03-04 11:12:43', NULL),
(10, 1, 1, NULL, '2025-03-04 11:13:47', '2025-03-04 11:13:47', NULL),
(11, 1, 1, NULL, '2025-03-04 13:13:45', '2025-03-04 13:13:45', NULL),
(12, 1, 1, NULL, '2025-03-04 13:14:18', '2025-03-04 13:14:18', NULL),
(13, 1, 1, NULL, '2025-03-04 13:19:31', '2025-03-04 13:19:31', NULL),
(14, NULL, 1, NULL, '2025-03-04 13:24:52', '2025-03-04 13:24:52', NULL),
(15, 1, 1, NULL, '2025-03-04 13:25:12', '2025-03-04 13:25:12', NULL),
(16, 1, 1, NULL, '2025-03-04 13:26:18', '2025-03-04 13:26:18', NULL),
(17, 3, 1, NULL, '2025-03-04 13:33:18', '2025-03-04 13:33:18', NULL),
(18, 3, 1, NULL, '2025-03-04 13:51:55', '2025-03-04 13:51:55', NULL),
(19, 5, 1, NULL, '2025-03-04 14:27:52', '2025-03-04 14:27:52', NULL),
(20, 1, 1, NULL, '2025-03-04 15:08:18', '2025-03-04 15:08:18', NULL),
(21, NULL, 1, NULL, '2025-03-04 15:38:54', '2025-03-04 15:38:54', NULL),
(22, NULL, 1, NULL, '2025-03-04 16:16:52', '2025-03-04 16:16:52', NULL),
(23, 1, 1, NULL, '2025-03-04 16:17:37', '2025-03-04 16:17:37', NULL),
(24, 3, 1, NULL, '2025-03-06 13:39:32', '2025-03-06 13:39:32', NULL),
(25, 1, 1, NULL, '2025-03-06 13:40:48', '2025-03-06 13:40:48', NULL),
(26, 1, 1, NULL, '2025-03-06 13:46:04', '2025-03-06 13:46:04', NULL),
(27, 3, 1, NULL, '2025-03-06 13:49:40', '2025-03-06 13:49:40', NULL),
(28, NULL, 1, NULL, '2025-03-06 13:58:50', '2025-03-06 13:58:50', NULL),
(29, NULL, 1, NULL, '2025-03-06 14:00:18', '2025-03-06 14:00:18', NULL),
(30, NULL, 1, NULL, '2025-03-06 14:26:12', '2025-03-06 14:26:12', NULL),
(31, NULL, 1, NULL, '2025-03-06 14:30:41', '2025-03-06 14:30:41', NULL),
(32, NULL, 1, NULL, '2025-03-06 14:34:37', '2025-03-06 14:34:37', NULL),
(33, NULL, 1, NULL, '2025-03-06 14:36:17', '2025-03-06 14:36:17', NULL),
(34, NULL, 1, NULL, '2025-03-06 14:36:41', '2025-03-06 14:36:41', NULL),
(35, NULL, 1, NULL, '2025-03-06 14:38:36', '2025-03-06 14:38:36', NULL),
(36, NULL, 1, NULL, '2025-03-06 14:44:57', '2025-03-06 14:44:57', NULL),
(37, NULL, 1, NULL, '2025-03-06 15:00:56', '2025-03-06 15:00:56', NULL),
(38, NULL, 1, NULL, '2025-03-06 16:11:37', '2025-03-06 16:11:37', NULL),
(39, NULL, 1, NULL, '2025-03-06 17:04:53', '2025-03-06 17:04:53', NULL),
(40, NULL, 1, NULL, '2025-03-06 17:07:16', '2025-03-06 17:07:16', NULL),
(41, NULL, 1, NULL, '2025-03-06 17:07:42', '2025-03-06 17:07:42', NULL),
(42, NULL, 1, NULL, '2025-03-06 17:09:38', '2025-03-06 17:09:38', NULL),
(43, NULL, 1, NULL, '2025-03-06 17:15:11', '2025-03-06 17:15:11', NULL),
(44, NULL, 1, NULL, '2025-03-06 17:15:32', '2025-03-06 17:15:32', NULL),
(45, NULL, 1, NULL, '2025-03-06 17:15:59', '2025-03-06 17:15:59', NULL),
(46, 1, 1, NULL, '2025-03-06 17:16:57', '2025-03-06 17:16:57', NULL),
(47, NULL, 1, NULL, '2025-03-06 17:17:54', '2025-03-06 17:17:54', NULL),
(48, NULL, 1, NULL, '2025-03-06 17:18:16', '2025-03-06 17:18:16', NULL),
(49, 3, 1, NULL, '2025-03-06 17:20:22', '2025-03-06 17:20:22', NULL),
(50, 4, 1, NULL, '2025-03-06 17:21:27', '2025-03-06 17:21:27', NULL),
(51, NULL, 1, NULL, '2025-03-06 19:10:44', '2025-03-06 19:10:44', NULL),
(52, NULL, 1, NULL, '2025-03-06 20:11:02', '2025-03-06 20:11:02', NULL),
(53, NULL, 1, NULL, '2025-03-07 04:46:58', '2025-03-07 04:46:58', NULL),
(54, NULL, 1, NULL, '2025-03-07 05:53:26', '2025-03-07 05:53:26', NULL),
(55, NULL, 1, NULL, '2025-03-07 05:53:41', '2025-03-07 05:53:41', NULL),
(56, NULL, 1, NULL, '2025-03-07 05:54:02', '2025-03-07 05:54:02', NULL),
(57, NULL, 1, NULL, '2025-03-07 05:57:26', '2025-03-07 05:57:26', NULL),
(58, NULL, 1, NULL, '2025-03-07 06:03:00', '2025-03-07 06:03:00', NULL),
(59, NULL, 1, NULL, '2025-03-07 06:08:45', '2025-03-07 06:08:45', NULL),
(60, NULL, 1, NULL, '2025-03-07 07:21:45', '2025-03-07 07:21:45', NULL),
(61, 3, 1, NULL, '2025-03-07 07:23:43', '2025-03-07 07:23:43', NULL),
(62, NULL, 1, NULL, '2025-03-07 07:27:27', '2025-03-07 07:27:27', NULL),
(63, NULL, 1, NULL, '2025-03-07 07:31:36', '2025-03-07 07:31:36', NULL),
(64, NULL, 1, NULL, '2025-03-07 07:35:35', '2025-03-07 07:35:35', NULL),
(65, NULL, 1, NULL, '2025-03-07 07:36:52', '2025-03-07 07:36:52', NULL),
(66, NULL, 1, NULL, '2025-03-07 07:37:25', '2025-03-07 07:37:25', NULL),
(67, NULL, 1, NULL, '2025-03-07 07:40:38', '2025-03-07 07:40:38', NULL),
(68, NULL, 1, NULL, '2025-03-07 07:42:40', '2025-03-07 07:42:40', NULL),
(69, NULL, 1, NULL, '2025-03-07 07:44:53', '2025-03-07 07:44:53', NULL),
(70, NULL, 1, NULL, '2025-03-07 07:45:20', '2025-03-07 07:45:20', NULL),
(71, NULL, 1, NULL, '2025-03-07 07:45:53', '2025-03-07 07:45:53', NULL),
(72, NULL, 1, NULL, '2025-03-07 07:47:54', '2025-03-07 07:47:54', NULL),
(73, NULL, 1, NULL, '2025-03-07 07:49:39', '2025-03-07 07:49:39', NULL),
(74, NULL, 1, NULL, '2025-03-07 07:51:19', '2025-03-07 07:51:19', NULL),
(75, NULL, 1, NULL, '2025-03-07 07:51:50', '2025-03-07 07:51:50', NULL),
(76, NULL, 1, NULL, '2025-03-07 07:54:34', '2025-03-07 07:54:34', NULL),
(77, NULL, 1, NULL, '2025-03-07 07:57:22', '2025-03-07 07:57:22', NULL),
(78, NULL, 1, NULL, '2025-03-07 08:06:08', '2025-03-07 08:06:08', NULL),
(79, NULL, 1, NULL, '2025-03-07 08:08:12', '2025-03-07 08:08:12', NULL),
(80, NULL, 1, NULL, '2025-03-07 08:28:12', '2025-03-07 08:28:12', NULL),
(81, NULL, 1, NULL, '2025-03-07 08:29:06', '2025-03-07 08:29:06', NULL),
(82, 4, 1, NULL, '2025-03-07 08:38:17', '2025-03-07 08:38:17', NULL),
(83, NULL, 1, NULL, '2025-03-07 09:08:43', '2025-03-07 09:08:43', NULL),
(84, NULL, 1, NULL, '2025-03-07 09:10:06', '2025-03-07 09:10:06', NULL),
(85, NULL, 1, NULL, '2025-03-07 09:17:11', '2025-03-07 09:17:11', NULL),
(86, NULL, 1, NULL, '2025-03-07 09:43:45', '2025-03-07 09:43:45', NULL),
(87, NULL, 1, NULL, '2025-03-07 09:47:10', '2025-03-07 09:47:10', NULL),
(88, NULL, 1, NULL, '2025-03-07 09:52:00', '2025-03-07 09:52:00', NULL),
(89, NULL, 1, NULL, '2025-03-07 09:58:02', '2025-03-07 09:58:02', NULL),
(90, NULL, 1, NULL, '2025-03-07 09:58:24', '2025-03-07 09:58:24', NULL),
(91, NULL, 1, NULL, '2025-03-07 09:59:44', '2025-03-07 09:59:44', NULL),
(92, NULL, 1, NULL, '2025-03-07 10:04:20', '2025-03-07 10:04:20', NULL),
(93, NULL, 1, NULL, '2025-03-07 10:06:06', '2025-03-07 10:06:06', NULL),
(94, NULL, 1, NULL, '2025-03-07 10:20:14', '2025-03-07 10:20:14', NULL),
(95, NULL, 1, NULL, '2025-03-07 10:25:18', '2025-03-07 10:25:18', NULL),
(96, NULL, 1, NULL, '2025-03-07 10:29:42', '2025-03-07 10:29:42', NULL),
(97, NULL, 1, NULL, '2025-03-07 11:15:04', '2025-03-07 11:15:04', NULL),
(98, NULL, 1, NULL, '2025-03-07 11:17:05', '2025-03-07 11:17:05', NULL),
(99, NULL, 1, NULL, '2025-03-07 11:35:41', '2025-03-07 11:35:41', NULL),
(100, NULL, 1, NULL, '2025-03-07 11:39:11', '2025-03-07 11:39:11', NULL),
(101, NULL, 1, NULL, '2025-03-07 11:40:04', '2025-03-07 11:40:04', NULL),
(102, NULL, 1, NULL, '2025-03-07 12:11:43', '2025-03-07 12:11:43', NULL),
(103, NULL, 1, NULL, '2025-03-07 12:12:09', '2025-03-07 12:12:09', NULL),
(104, NULL, 1, NULL, '2025-03-07 12:12:59', '2025-03-07 12:12:59', NULL),
(105, 2, 1, NULL, '2025-03-07 12:19:57', '2025-03-07 12:19:57', NULL),
(106, NULL, 1, NULL, '2025-03-07 12:22:53', '2025-03-07 12:22:53', NULL),
(107, NULL, 1, NULL, '2025-03-07 12:28:02', '2025-03-07 12:28:02', NULL),
(108, NULL, 1, NULL, '2025-03-07 13:18:54', '2025-03-07 13:18:54', NULL),
(109, NULL, 1, NULL, '2025-03-07 14:35:44', '2025-03-07 14:35:44', NULL),
(110, NULL, 1, NULL, '2025-03-07 14:57:11', '2025-03-07 14:57:11', NULL),
(111, NULL, 1, NULL, '2025-03-07 14:57:52', '2025-03-07 14:57:52', NULL),
(112, NULL, 1, NULL, '2025-03-07 15:59:29', '2025-03-07 15:59:29', NULL),
(113, NULL, 1, NULL, '2025-03-10 06:52:10', '2025-03-10 06:52:10', NULL),
(114, NULL, 1, NULL, '2025-03-10 06:53:24', '2025-03-10 06:53:24', NULL),
(115, NULL, 1, NULL, '2025-03-11 19:54:37', '2025-03-11 19:54:37', NULL),
(116, NULL, 1, NULL, '2025-03-11 20:02:58', '2025-03-11 20:02:58', NULL),
(117, NULL, 1, NULL, '2025-03-11 20:03:33', '2025-03-11 20:03:33', NULL),
(118, NULL, 1, NULL, '2025-03-11 20:04:30', '2025-03-11 20:04:30', NULL),
(119, NULL, 1, NULL, '2025-03-14 09:06:04', '2025-03-14 09:06:04', NULL),
(120, NULL, 1, NULL, '2025-03-14 09:27:47', '2025-03-14 09:27:47', NULL),
(121, NULL, 1, NULL, '2025-03-14 09:45:04', '2025-03-14 09:45:04', NULL),
(122, NULL, 1, NULL, '2025-03-14 09:45:30', '2025-03-14 09:45:30', NULL),
(123, NULL, 1, NULL, '2025-03-14 10:08:02', '2025-03-14 10:08:02', NULL),
(124, NULL, 1, NULL, '2025-03-14 10:15:45', '2025-03-14 10:15:45', NULL),
(125, NULL, 1, NULL, '2025-03-14 10:18:54', '2025-03-14 10:18:54', NULL),
(126, NULL, 1, NULL, '2025-03-14 10:20:11', '2025-03-14 10:20:11', NULL),
(127, NULL, 1, NULL, '2025-03-14 10:21:07', '2025-03-14 10:21:07', NULL),
(128, NULL, 1, NULL, '2025-03-14 10:22:02', '2025-03-14 10:22:02', NULL),
(129, NULL, 1, NULL, '2025-03-14 10:22:28', '2025-03-14 10:22:28', NULL),
(130, NULL, 1, NULL, '2025-03-14 10:23:00', '2025-03-14 10:23:00', NULL),
(131, NULL, 1, NULL, '2025-03-14 10:23:17', '2025-03-14 10:23:17', NULL),
(132, NULL, 1, NULL, '2025-03-14 10:24:15', '2025-03-14 10:24:15', NULL),
(133, NULL, 1, NULL, '2025-03-14 10:25:07', '2025-03-14 10:25:07', NULL),
(134, NULL, 1, NULL, '2025-03-14 10:26:29', '2025-03-14 10:26:29', NULL),
(135, NULL, 1, NULL, '2025-03-14 10:26:50', '2025-03-14 10:26:50', NULL),
(136, NULL, 1, NULL, '2025-03-14 10:27:25', '2025-03-14 10:27:25', NULL),
(137, NULL, 1, NULL, '2025-03-14 10:28:51', '2025-03-14 10:28:51', NULL),
(138, NULL, 1, NULL, '2025-03-14 10:29:50', '2025-03-14 10:29:50', NULL),
(139, NULL, 1, NULL, '2025-03-14 10:30:22', '2025-03-14 10:30:22', NULL),
(140, NULL, 1, NULL, '2025-03-14 10:30:43', '2025-03-14 10:30:43', NULL),
(141, NULL, 1, NULL, '2025-03-14 10:31:09', '2025-03-14 10:31:09', NULL),
(142, NULL, 1, NULL, '2025-03-14 10:31:43', '2025-03-14 10:31:43', NULL),
(143, NULL, 1, NULL, '2025-03-14 10:32:09', '2025-03-14 10:32:09', NULL),
(144, NULL, 1, NULL, '2025-03-14 10:32:28', '2025-03-14 10:32:28', NULL),
(145, NULL, 1, NULL, '2025-03-14 10:32:56', '2025-03-14 10:32:56', NULL),
(146, NULL, 1, NULL, '2025-03-14 10:33:07', '2025-03-14 10:33:07', NULL),
(147, NULL, 1, NULL, '2025-03-14 10:33:40', '2025-03-14 10:33:40', NULL),
(148, NULL, 1, NULL, '2025-03-14 10:34:07', '2025-03-14 10:34:07', NULL),
(149, NULL, 1, NULL, '2025-03-14 10:34:38', '2025-03-14 10:34:38', NULL),
(150, NULL, 1, NULL, '2025-03-14 10:35:47', '2025-03-14 10:35:47', NULL),
(151, NULL, 1, NULL, '2025-03-14 10:36:06', '2025-03-14 10:36:06', NULL),
(152, NULL, 1, NULL, '2025-03-14 10:51:06', '2025-03-14 10:51:06', NULL),
(153, NULL, 1, NULL, '2025-03-14 10:51:39', '2025-03-14 10:51:39', NULL),
(154, NULL, 1, NULL, '2025-03-14 11:20:00', '2025-03-14 11:20:00', NULL),
(155, NULL, 1, NULL, '2025-03-14 11:22:31', '2025-03-14 11:22:31', NULL),
(156, NULL, 1, NULL, '2025-03-14 11:24:44', '2025-03-14 11:24:44', NULL),
(157, NULL, 1, NULL, '2025-03-14 11:27:18', '2025-03-14 11:27:18', NULL),
(158, NULL, 1, NULL, '2025-03-14 11:28:58', '2025-03-14 11:28:58', NULL),
(159, NULL, 1, NULL, '2025-03-14 11:29:07', '2025-03-14 11:29:07', NULL),
(160, NULL, 1, NULL, '2025-03-14 11:41:39', '2025-03-14 11:41:39', NULL),
(161, NULL, 1, NULL, '2025-03-14 11:43:22', '2025-03-14 11:43:22', NULL),
(162, NULL, 1, NULL, '2025-03-14 11:45:44', '2025-03-14 11:45:44', NULL),
(163, NULL, 1, NULL, '2025-03-14 11:52:03', '2025-03-14 11:52:03', NULL),
(164, NULL, 1, NULL, '2025-03-15 19:47:25', '2025-03-15 19:47:25', NULL),
(165, NULL, 1, NULL, '2025-03-15 19:48:23', '2025-03-15 19:48:23', NULL),
(166, NULL, 1, NULL, '2025-03-15 20:04:00', '2025-03-15 20:04:00', NULL),
(167, NULL, 1, NULL, '2025-03-15 20:10:53', '2025-03-15 20:10:53', NULL),
(168, NULL, 1, NULL, '2025-03-15 23:38:53', '2025-03-15 23:38:53', NULL),
(169, NULL, 1, NULL, '2025-03-15 23:39:20', '2025-03-15 23:39:20', NULL),
(170, NULL, 1, NULL, '2025-03-15 23:40:49', '2025-03-15 23:40:49', NULL),
(171, NULL, 1, NULL, '2025-03-15 23:42:33', '2025-03-15 23:42:33', NULL),
(172, NULL, 1, NULL, '2025-03-15 23:45:44', '2025-03-15 23:45:44', NULL),
(173, NULL, 1, NULL, '2025-03-15 23:46:20', '2025-03-15 23:46:20', NULL),
(174, NULL, 1, NULL, '2025-03-16 00:04:16', '2025-03-16 00:04:16', NULL),
(175, NULL, 1, NULL, '2025-03-16 12:48:40', '2025-03-16 12:48:40', NULL),
(176, NULL, 1, NULL, '2025-03-16 12:49:17', '2025-03-16 12:49:17', NULL),
(177, NULL, 1, NULL, '2025-03-16 12:51:16', '2025-03-16 12:51:16', NULL),
(178, NULL, 1, NULL, '2025-03-16 12:52:07', '2025-03-16 12:52:07', NULL),
(179, NULL, 1, NULL, '2025-03-16 12:54:25', '2025-03-16 12:54:25', NULL),
(180, NULL, 1, NULL, '2025-03-16 13:49:17', '2025-03-16 13:49:17', NULL),
(181, NULL, 1, NULL, '2025-03-16 13:49:42', '2025-03-16 13:49:42', NULL),
(182, NULL, 1, NULL, '2025-03-16 13:51:39', '2025-03-16 13:51:39', NULL),
(183, NULL, 1, NULL, '2025-03-16 13:52:38', '2025-03-16 13:52:38', NULL),
(184, NULL, 1, NULL, '2025-03-16 13:53:09', '2025-03-16 13:53:09', NULL),
(185, NULL, 1, NULL, '2025-03-16 13:54:33', '2025-03-16 13:54:33', NULL),
(186, NULL, 1, NULL, '2025-03-16 13:58:26', '2025-03-16 13:58:26', NULL),
(187, NULL, 1, NULL, '2025-03-16 14:35:39', '2025-03-16 14:35:39', NULL),
(188, NULL, 1, NULL, '2025-03-17 05:40:28', '2025-03-17 05:40:28', NULL),
(189, NULL, 1, NULL, '2025-03-17 05:40:54', '2025-03-17 05:40:54', NULL),
(190, NULL, 1, NULL, '2025-03-17 05:43:46', '2025-03-17 05:43:46', NULL),
(191, NULL, 1, NULL, '2025-03-17 05:44:08', '2025-03-17 05:44:08', NULL),
(192, NULL, 1, NULL, '2025-03-17 07:42:24', '2025-03-17 07:42:24', NULL),
(193, NULL, 1, NULL, '2025-03-17 07:42:45', '2025-03-17 07:42:45', NULL),
(194, NULL, 1, NULL, '2025-03-17 07:43:27', '2025-03-17 07:43:27', NULL),
(195, NULL, 1, NULL, '2025-03-17 07:47:39', '2025-03-17 07:47:39', NULL),
(196, NULL, 1, NULL, '2025-03-17 07:55:13', '2025-03-17 07:55:13', NULL),
(197, NULL, 1, NULL, '2025-03-17 07:58:01', '2025-03-17 07:58:01', NULL),
(198, NULL, 1, NULL, '2025-03-17 08:00:44', '2025-03-17 08:00:44', NULL),
(199, NULL, 1, NULL, '2025-03-17 08:01:24', '2025-03-17 08:01:24', NULL),
(200, NULL, 1, NULL, '2025-03-17 08:06:13', '2025-03-17 08:06:13', NULL),
(201, NULL, 1, NULL, '2025-03-17 08:07:45', '2025-03-17 08:07:45', NULL),
(202, NULL, 1, NULL, '2025-03-17 08:10:34', '2025-03-17 08:10:34', NULL),
(203, NULL, 1, NULL, '2025-03-17 08:10:54', '2025-03-17 08:10:54', NULL),
(204, NULL, 1, NULL, '2025-03-17 08:11:13', '2025-03-17 08:11:13', NULL),
(205, NULL, 1, NULL, '2025-03-17 08:14:46', '2025-03-17 08:14:46', NULL),
(206, NULL, 1, NULL, '2025-03-17 08:18:30', '2025-03-17 08:18:30', NULL),
(207, NULL, 1, NULL, '2025-03-17 08:19:05', '2025-03-17 08:19:05', NULL),
(208, NULL, 1, NULL, '2025-03-17 08:20:18', '2025-03-17 08:20:18', NULL),
(209, NULL, 1, NULL, '2025-03-17 08:25:34', '2025-03-17 08:25:34', NULL),
(210, NULL, 1, NULL, '2025-03-17 08:36:05', '2025-03-17 08:36:05', NULL),
(211, NULL, 1, NULL, '2025-03-17 08:37:25', '2025-03-17 08:37:25', NULL),
(212, NULL, 1, NULL, '2025-03-17 08:44:09', '2025-03-17 08:44:09', NULL),
(213, NULL, 1, NULL, '2025-03-17 08:45:19', '2025-03-17 08:45:19', NULL),
(214, NULL, 1, NULL, '2025-03-17 08:45:50', '2025-03-17 08:45:50', NULL),
(215, NULL, 1, NULL, '2025-03-17 08:46:29', '2025-03-17 08:46:29', NULL),
(216, NULL, 1, NULL, '2025-03-17 08:46:38', '2025-03-17 08:46:38', NULL),
(217, NULL, 1, NULL, '2025-03-17 08:47:09', '2025-03-17 08:47:09', NULL),
(218, NULL, 1, NULL, '2025-03-17 08:47:29', '2025-03-17 08:47:29', NULL),
(219, NULL, 1, NULL, '2025-03-17 09:32:11', '2025-03-17 09:32:11', NULL),
(220, NULL, 1, NULL, '2025-03-17 10:04:33', '2025-03-17 10:04:33', NULL),
(221, NULL, 1, NULL, '2025-03-17 10:15:50', '2025-03-17 10:15:50', NULL),
(222, NULL, 1, NULL, '2025-03-17 10:16:09', '2025-03-17 10:16:09', NULL),
(223, NULL, 1, NULL, '2025-03-17 10:24:35', '2025-03-17 10:24:35', NULL),
(224, NULL, 1, NULL, '2025-03-17 10:25:03', '2025-03-17 10:25:03', NULL),
(225, NULL, 1, NULL, '2025-03-17 10:48:34', '2025-03-17 10:48:34', NULL),
(226, NULL, 1, NULL, '2025-03-17 10:49:37', '2025-03-17 10:49:37', NULL),
(227, NULL, 1, NULL, '2025-03-17 11:08:29', '2025-03-17 11:08:29', NULL),
(228, NULL, 1, NULL, '2025-03-17 11:50:41', '2025-03-17 11:50:41', NULL),
(229, NULL, 1, NULL, '2025-03-17 11:51:21', '2025-03-17 11:51:21', NULL),
(230, NULL, 1, NULL, '2025-03-17 11:52:15', '2025-03-17 11:52:15', NULL),
(231, NULL, 1, NULL, '2025-03-17 11:55:47', '2025-03-17 11:55:47', NULL),
(232, NULL, 1, NULL, '2025-03-17 12:47:56', '2025-03-17 12:47:56', NULL),
(233, NULL, 1, NULL, '2025-03-17 12:53:00', '2025-03-17 12:53:00', NULL),
(234, NULL, 1, NULL, '2025-03-17 12:53:56', '2025-03-17 12:53:56', NULL),
(235, NULL, 1, NULL, '2025-03-17 13:09:59', '2025-03-17 13:09:59', NULL),
(236, NULL, 1, NULL, '2025-03-17 14:10:40', '2025-03-17 14:10:40', NULL),
(237, NULL, 1, NULL, '2025-03-17 14:45:45', '2025-03-17 14:45:45', NULL);

-- --------------------------------------------------------

--
-- Structure de la table `conditionnements`
--

CREATE TABLE `conditionnements` (
  `id` int NOT NULL,
  `commande_id` int DEFAULT NULL,
  `nombre_cageot` int DEFAULT NULL,
  `etat` varchar(10) DEFAULT 'non rendu',
  `created_at` timestamp NULL DEFAULT CURRENT_TIMESTAMP,
  `updated_at` timestamp NULL DEFAULT CURRENT_TIMESTAMP
) ENGINE=InnoDB DEFAULT CHARSET=utf8mb4 COLLATE=utf8mb4_general_ci;

--
-- Déchargement des données de la table `conditionnements`
--

INSERT INTO `conditionnements` (`id`, `commande_id`, `nombre_cageot`, `etat`, `created_at`, `updated_at`) VALUES
(1, 225, 1, 'non rendu', '2025-03-17 07:48:34', '2025-03-17 07:48:34'),
(2, 228, 1, 'non rendu', '2025-03-17 08:50:41', '2025-03-17 08:50:41'),
(3, 229, 1, 'non rendu', '2025-03-17 08:51:21', '2025-03-17 08:51:21'),
(4, 230, 2, 'non rendu', '2025-03-17 08:52:15', '2025-03-17 08:52:15'),
(5, 231, 2, 'non rendu', '2025-03-17 08:55:47', '2025-03-17 08:55:47'),
(6, 234, 1, 'non rendu', '2025-03-17 09:53:56', '2025-03-17 09:53:56'),
(7, 236, 3, 'non rendu', '2025-03-17 11:10:40', '2025-03-17 11:10:40'),
(8, 237, 1, 'non rendu', '2025-03-17 11:45:45', '2025-03-17 11:45:45');

-- --------------------------------------------------------

--
-- Structure de la table `consignations`
--

CREATE TABLE `consignations` (
  `id` int NOT NULL,
  `vente_id` int NOT NULL,
  `prix` int NOT NULL,
  `prix_cgt` int DEFAULT '0',
  `type_consignation` tinyint(1) DEFAULT '0',
  `etat` varchar(15) CHARACTER SET utf8mb4 COLLATE utf8mb4_general_ci DEFAULT 'non rendu',
  `etat_cgt` varchar(15) CHARACTER SET utf8mb4 COLLATE utf8mb4_general_ci DEFAULT 'non rendu',
  `date_consignation` date DEFAULT NULL,
  `created_at` timestamp NULL DEFAULT CURRENT_TIMESTAMP
) ENGINE=InnoDB DEFAULT CHARSET=utf8mb4 COLLATE=utf8mb4_general_ci;

--
-- Déchargement des données de la table `consignations`
--

INSERT INTO `consignations` (`id`, `vente_id`, `prix`, `prix_cgt`, `type_consignation`, `etat`, `etat_cgt`, `date_consignation`, `created_at`) VALUES
(27, 78, 5600, 0, 0, 'non rendu', 'non rendu', '2025-03-07', '2025-03-07 07:44:53'),
(28, 79, 4200, 0, 0, 'non rendu', 'non rendu', '2025-03-07', '2025-03-07 07:45:20'),
(29, 80, 3500, 0, 0, 'non rendu', 'non rendu', '2025-03-07', '2025-03-07 07:45:53'),
(30, 81, 134400, 0, 0, 'non rendu', 'non rendu', '2025-03-07', '2025-03-07 07:47:54'),
(31, 82, 16800, 0, 0, 'non rendu', 'non rendu', '2025-03-07', '2025-03-07 07:49:39'),
(32, 83, 33600, 0, 0, 'non rendu', 'non rendu', '2025-03-07', '2025-03-07 07:51:19'),
(33, 84, 16800, 0, 0, 'non rendu', 'non rendu', '2025-03-07', '2025-03-07 07:51:50'),
(34, 85, 28000, 0, 0, 'non rendu', 'non rendu', '2025-03-07', '2025-03-07 07:54:34'),
(35, 86, 16800, 0, 0, 'non rendu', 'non rendu', '2025-03-07', '2025-03-07 07:54:34'),
(36, 87, 16800, 0, 0, 'non rendu', 'non rendu', '2025-03-07', '2025-03-07 07:57:22'),
(37, 88, 67200, 0, 0, 'non rendu', 'non rendu', '2025-03-07', '2025-03-07 08:06:08'),
(38, 89, 16800, 0, 0, 'non rendu', 'non rendu', '2025-03-07', '2025-03-07 08:08:12'),
(39, 90, 1400, 0, 0, 'non rendu', 'non rendu', '2025-03-07', '2025-03-07 08:28:12'),
(40, 91, 16800, 0, 0, 'non rendu', 'non rendu', '2025-03-07', '2025-03-07 08:29:06'),
(41, 92, 28000, 0, 0, 'non rendu', 'non rendu', '2025-03-07', '2025-03-07 08:38:17'),
(42, 93, 14000, 0, 0, 'non rendu', 'non rendu', '2025-03-07', '2025-03-07 09:08:43'),
(43, 94, 67200, 0, 0, 'non rendu', 'non rendu', '2025-03-07', '2025-03-07 09:43:46'),
(44, 95, 50400, 0, 0, 'non rendu', 'non rendu', '2025-03-07', '2025-03-07 09:47:10'),
(45, 96, 2800, 0, 0, 'non rendu', 'non rendu', '2025-03-07', '2025-03-07 09:47:10'),
(46, 97, 16800, 0, 0, 'non rendu', 'non rendu', '2025-03-07', '2025-03-07 09:52:00'),
(47, 99, 16800, 0, 0, 'non rendu', 'non rendu', '2025-03-07', '2025-03-07 09:58:24'),
(48, 100, 9800, 0, 0, 'non rendu', 'non rendu', '2025-03-07', '2025-03-07 09:59:44'),
(49, 101, 2800, 0, 0, 'non rendu', 'non rendu', '2025-03-07', '2025-03-07 10:04:20'),
(50, 102, 16800, 0, 0, 'non rendu', 'non rendu', '2025-03-07', '2025-03-07 10:06:06'),
(51, 103, 11900, 0, 0, 'non rendu', 'non rendu', '2025-03-07', '2025-03-07 10:06:06'),
(52, 105, 16800, 0, 0, 'non rendu', 'non rendu', '2025-03-07', '2025-03-07 10:20:14'),
(53, 107, 14000, 0, 0, 'non rendu', 'non rendu', '2025-03-07', '2025-03-07 10:29:42'),
(54, 109, 14000, 0, 0, 'non rendu', 'non rendu', '2025-03-07', '2025-03-07 11:15:04'),
(55, 111, 9800, 0, 0, 'non rendu', 'non rendu', '2025-03-07', '2025-03-07 11:17:05'),
(56, 113, 16800, 0, 0, 'non rendu', 'non rendu', '2025-03-07', '2025-03-07 11:35:41'),
(57, 119, 16800, 0, 0, 'non rendu', 'non rendu', '2025-03-07', '2025-03-07 11:40:04'),
(58, 125, 16800, 0, 0, 'non rendu', 'non rendu', '2025-03-07', '2025-03-07 12:28:02'),
(59, 126, 4200, 0, 0, 'non rendu', 'non rendu', '2025-03-07', '2025-03-07 12:28:02'),
(60, 127, 56000, 0, 0, 'non rendu', 'non rendu', '2025-03-07', '2025-03-07 13:18:54'),
(61, 128, 9800, 0, 0, 'non rendu', 'non rendu', '2025-03-07', '2025-03-07 13:18:54'),
(62, 130, 16000, 0, 0, 'non rendu', 'non rendu', '2025-03-07', '2025-03-07 14:57:12'),
(63, 131, 16800, 0, 0, 'non rendu', 'non rendu', '2025-03-07', '2025-03-07 14:57:12'),
(64, 132, 16800, 0, 0, 'non rendu', 'non rendu', '2025-03-07', '2025-03-07 14:57:52'),
(65, 133, 14000, 0, 0, 'non rendu', 'non rendu', '2025-03-07', '2025-03-07 14:57:52'),
(66, 134, 16800, 0, 0, 'non rendu', 'non rendu', '2025-03-07', '2025-03-07 15:59:29'),
(67, 135, 2800, 0, 0, 'non rendu', 'non rendu', '2025-03-07', '2025-03-07 15:59:29'),
(68, 136, 16800, 0, 0, 'non rendu', 'non rendu', '2025-03-10', '2025-03-10 06:52:10'),
(69, 138, 1400, 0, 0, 'non rendu', 'non rendu', '2025-03-11', '2025-03-11 19:54:37'),
(70, 139, 28000, 0, 0, 'non rendu', 'non rendu', '2025-03-11', '2025-03-11 20:02:58'),
(71, 145, 16800, 0, 0, 'non rendu', 'non rendu', '2025-03-14', '2025-03-14 09:45:04'),
(72, 147, 14000, 0, 0, 'non rendu', 'non rendu', '2025-03-14', '2025-03-14 10:08:02'),
(73, 175, 16000, 3000, 0, 'non rendu', 'non rendu', '2025-03-14', '2025-03-14 10:36:06'),
(74, 176, 16800, 3000, 0, 'non rendu', 'non rendu', '2025-03-14', '2025-03-14 10:51:06'),
(75, 178, 16800, 3000, 0, 'non rendu', 'non rendu', '2025-03-14', '2025-03-14 11:20:00'),
(76, 181, 16800, 3000, 0, 'non rendu', 'non rendu', '2025-03-14', '2025-03-14 11:27:18'),
(77, 184, 16800, 3000, 0, 'non rendu', 'non rendu', '2025-03-14', '2025-03-14 11:41:39'),
(78, 185, 16800, 3000, 0, 'non rendu', 'non rendu', '2025-03-14', '2025-03-14 11:43:22'),
(79, 186, 33600, 6000, 0, 'non rendu', 'non rendu', '2025-03-14', '2025-03-14 11:45:44'),
(80, 188, 14000, 3000, 0, 'non rendu', 'non rendu', '2025-03-15', '2025-03-15 19:47:25'),
(81, 189, 16800, 3000, 0, 'non rendu', 'non rendu', '2025-03-15', '2025-03-15 19:48:23'),
(82, 190, 14000, 3000, 0, 'non rendu', 'non rendu', '2025-03-15', '2025-03-15 20:04:00'),
(83, 191, 16800, 3000, 0, 'non rendu', 'non rendu', '2025-03-15', '2025-03-15 20:04:00'),
(84, 192, 14000, 3000, 0, 'non rendu', 'non rendu', '2025-03-15', '2025-03-15 20:04:00'),
(85, 193, 16800, 3000, 0, 'non rendu', 'non rendu', '2025-03-15', '2025-03-15 20:10:53'),
(86, 203, 2800, 0, 0, 'non rendu', 'non rendu', '2025-03-16', '2025-03-16 12:48:40'),
(87, 204, 2800, 0, 0, 'non rendu', 'non rendu', '2025-03-16', '2025-03-16 12:49:17'),
(88, 205, 14000, 3000, 0, 'non rendu', 'non rendu', '2025-03-16', '2025-03-16 12:51:16'),
(89, 206, 16800, 3000, 0, 'non rendu', 'non rendu', '2025-03-16', '2025-03-16 12:52:07'),
(90, 208, 16800, 3000, 0, 'non rendu', 'non rendu', '2025-03-16', '2025-03-16 13:49:17'),
(91, 213, 2800, 0, 0, 'non rendu', 'non rendu', '2025-03-16', '2025-03-16 13:54:33'),
(92, 214, 1400, 0, 0, 'non rendu', 'non rendu', '2025-03-16', '2025-03-16 13:54:33'),
(93, 215, 16800, 3000, 0, 'non rendu', 'non rendu', '2025-03-16', '2025-03-16 13:58:26'),
(94, 216, 9800, 0, 0, 'non rendu', 'non rendu', '2025-03-16', '2025-03-16 13:58:26'),
(95, 217, 14000, 3000, 0, 'non rendu', 'non rendu', '2025-03-16', '2025-03-16 14:35:39'),
(101, 233, 0, 3000, 0, 'avec bouteille', 'non rendu', '2025-03-17', '2025-03-17 08:00:44'),
(102, 234, 16800, 0, 0, 'non rendu', 'avec cageot', '2025-03-17', '2025-03-17 08:01:24'),
(103, 236, 0, 3000, 0, 'avec bouteille', 'non rendu', '2025-03-17', '2025-03-17 08:07:45'),
(104, 238, 16800, 3000, 0, 'non rendu', 'non rendu', '2025-03-17', '2025-03-17 08:10:34'),
(105, 239, 0, 3000, 0, 'avec bouteille', 'non rendu', '2025-03-17', '2025-03-17 08:10:34'),
(106, 241, 33600, 6000, 0, 'non rendu', 'non rendu', '2025-03-17', '2025-03-17 08:10:54'),
(107, 242, 0, 12000, 0, 'avec bouteille', 'non rendu', '2025-03-17', '2025-03-17 08:11:13'),
(108, 243, 16800, 3000, 0, 'non rendu', 'non rendu', '2025-03-17', '2025-03-17 08:14:47'),
(109, 245, 700, 0, 0, 'non rendu', 'non rendu', '2025-03-17', '2025-03-17 08:19:05'),
(110, 246, 2800, 0, 0, 'non rendu', 'non condit°', '2025-03-17', '2025-03-17 08:20:18'),
(111, 249, 3500, 0, 0, 'non rendu', 'non condit°', '2025-03-17', '2025-03-17 08:25:34'),
(112, 250, 0, 3000, 0, 'avec bouteille', 'non rendu', '2025-03-17', '2025-03-17 08:36:05'),
(113, 251, 0, 3000, 0, 'avec BTL', 'non rendu', '2025-03-17', '2025-03-17 08:37:25'),
(114, 252, 16800, 0, 0, 'non rendu', 'avec CGT', '2025-03-17', '2025-03-17 08:37:25'),
(115, 254, 16800, 3000, 0, 'non rendu', 'non rendu', '2025-03-17', '2025-03-17 08:37:25'),
(116, 255, 0, 3000, 0, 'avec BTL', 'non rendu', '2025-03-17', '2025-03-17 08:44:09'),
(117, 257, 14000, 3000, 0, 'non rendu', 'non rendu', '2025-03-17', '2025-03-17 08:45:19'),
(118, 261, 700, 0, 0, 'non rendu', 'non condit°', '2025-03-17', '2025-03-17 08:46:38'),
(119, 262, 700, 0, 0, 'non rendu', 'non condit°', '2025-03-17', '2025-03-17 08:47:09'),
(120, 263, 4200, 0, 0, 'non rendu', 'non condit°', '2025-03-17', '2025-03-17 08:47:29'),
(121, 264, 1400, 0, 0, 'non rendu', 'non condit°', '2025-03-17', '2025-03-17 09:32:11'),
(122, 265, 1400, 0, 0, 'non rendu', 'non condit°', '2025-03-17', '2025-03-17 10:04:33'),
(123, 266, 14000, 3000, 0, 'non rendu', 'non rendu', '2025-03-17', '2025-03-17 10:15:50'),
(124, 267, 16800, 3000, 0, 'non rendu', 'non rendu', '2025-03-17', '2025-03-17 10:16:09'),
(125, 268, 16800, 3000, 0, 'non rendu', 'non rendu', '2025-03-17', '2025-03-17 10:24:35'),
(126, 269, 1400, 0, 0, 'non rendu', 'non condit°', '2025-03-17', '2025-03-17 10:25:03'),
(127, 271, 9800, 0, 0, 'non rendu', 'non condit°', '2025-03-17', '2025-03-17 10:48:34'),
(128, 273, 17500, 0, 0, 'non rendu', 'non condit°', '2025-03-17', '2025-03-17 11:08:29'),
(129, 274, 9800, 0, 0, 'non rendu', 'non condit°', '2025-03-17', '2025-03-17 11:50:41'),
(130, 275, 17500, 0, 0, 'non rendu', 'non condit°', '2025-03-17', '2025-03-17 11:51:21'),
(131, 276, 9800, 0, 0, 'non rendu', 'non condit°', '2025-03-17', '2025-03-17 11:52:15'),
(132, 277, 10500, 0, 0, 'non rendu', 'non condit°', '2025-03-17', '2025-03-17 11:52:15'),
(133, 278, 4900, 0, 0, 'non rendu', 'conditionné', '2025-03-17', '2025-03-17 11:55:47'),
(134, 279, 13300, 0, 0, 'non rendu', 'conditionné', '2025-03-17', '2025-03-17 11:55:47'),
(135, 281, 700, 0, 0, 'non rendu', 'non condit°', '2025-03-17', '2025-03-17 12:53:00'),
(136, 282, 700, 0, 0, 'non rendu', 'non condit°', '2025-03-17', '2025-03-17 12:53:00'),
(137, 283, 0, 12000, 0, 'avec BTL', 'non rendu', '2025-03-17', '2025-03-17 12:53:00'),
(138, 284, 9800, 0, 0, 'non rendu', 'conditionné', '2025-03-17', '2025-03-17 12:53:56'),
(139, 285, 11900, 0, 0, 'non rendu', 'conditionné', '2025-03-17', '2025-03-17 12:53:56'),
(140, 286, 16800, 3000, 0, 'non rendu', 'non rendu', '2025-03-17', '2025-03-17 13:09:59'),
(141, 290, 13300, 0, 0, 'non rendu', 'conditionné', '2025-03-17', '2025-03-17 14:10:40'),
(142, 291, 12600, 0, 0, 'non rendu', 'conditionné', '2025-03-17', '2025-03-17 14:10:40'),
(143, 292, 16800, 3000, 0, 'non rendu', 'non rendu', '2025-03-17', '2025-03-17 14:45:45'),
(144, 293, 0, 3000, 0, 'avec BTL', 'non rendu', '2025-03-17', '2025-03-17 14:45:45');

-- --------------------------------------------------------

--
-- Structure de la table `consignation_achats`
--

CREATE TABLE `consignation_achats` (
  `id` int NOT NULL,
  `achat_id` int NOT NULL,
  `prix` int DEFAULT NULL,
  `etat` varchar(10) DEFAULT 'non rendu',
  `date_consignation` date DEFAULT NULL
) ENGINE=InnoDB DEFAULT CHARSET=utf8mb4 COLLATE=utf8mb4_general_ci;

-- --------------------------------------------------------

--
-- Structure de la table `failed_jobs`
--

CREATE TABLE `failed_jobs` (
  `id` bigint UNSIGNED NOT NULL,
  `uuid` varchar(255) COLLATE utf8mb4_unicode_ci NOT NULL,
  `connection` text COLLATE utf8mb4_unicode_ci NOT NULL,
  `queue` text COLLATE utf8mb4_unicode_ci NOT NULL,
  `payload` longtext COLLATE utf8mb4_unicode_ci NOT NULL,
  `exception` longtext COLLATE utf8mb4_unicode_ci NOT NULL,
  `failed_at` timestamp NOT NULL DEFAULT CURRENT_TIMESTAMP
) ENGINE=InnoDB DEFAULT CHARSET=utf8mb4 COLLATE=utf8mb4_unicode_ci;

-- --------------------------------------------------------

--
-- Structure de la table `fournisseurs`
--

CREATE TABLE `fournisseurs` (
  `id` int NOT NULL,
  `nom` varchar(50) NOT NULL,
  `numero` varchar(20) DEFAULT NULL,
  `reference` varchar(10) DEFAULT NULL,
  `date_entre` timestamp NULL DEFAULT CURRENT_TIMESTAMP
) ENGINE=InnoDB DEFAULT CHARSET=utf8mb4 COLLATE=utf8mb4_general_ci;

--
-- Déchargement des données de la table `fournisseurs`
--

INSERT INTO `fournisseurs` (`id`, `nom`, `numero`, `reference`, `date_entre`) VALUES
(1, 'MARIO', NULL, NULL, '2025-03-02 11:55:08'),
(2, 'GEORGE', NULL, NULL, '2025-03-02 11:55:08'),
(3, 'FRANCIS', NULL, NULL, '2025-03-02 11:55:37'),
(4, 'MOURAD', NULL, NULL, '2025-03-02 11:55:37'),
(5, 'mufasa', '0325514521', NULL, '2025-03-04 06:04:41'),
(6, 'Néolin', '5000', NULL, '2025-03-04 06:06:50');

-- --------------------------------------------------------

--
-- Structure de la table `jobs`
--

CREATE TABLE `jobs` (
  `id` bigint UNSIGNED NOT NULL,
  `queue` varchar(255) COLLATE utf8mb4_unicode_ci NOT NULL,
  `payload` longtext COLLATE utf8mb4_unicode_ci NOT NULL,
  `attempts` tinyint UNSIGNED NOT NULL,
  `reserved_at` int UNSIGNED DEFAULT NULL,
  `available_at` int UNSIGNED NOT NULL,
  `created_at` int UNSIGNED NOT NULL
) ENGINE=InnoDB DEFAULT CHARSET=utf8mb4 COLLATE=utf8mb4_unicode_ci;

-- --------------------------------------------------------

--
-- Structure de la table `job_batches`
--

CREATE TABLE `job_batches` (
  `id` varchar(255) COLLATE utf8mb4_unicode_ci NOT NULL,
  `name` varchar(255) COLLATE utf8mb4_unicode_ci NOT NULL,
  `total_jobs` int NOT NULL,
  `pending_jobs` int NOT NULL,
  `failed_jobs` int NOT NULL,
  `failed_job_ids` longtext COLLATE utf8mb4_unicode_ci NOT NULL,
  `options` mediumtext COLLATE utf8mb4_unicode_ci,
  `cancelled_at` int DEFAULT NULL,
  `created_at` int NOT NULL,
  `finished_at` int DEFAULT NULL
) ENGINE=InnoDB DEFAULT CHARSET=utf8mb4 COLLATE=utf8mb4_unicode_ci;

-- --------------------------------------------------------

--
-- Structure de la table `migrations`
--

CREATE TABLE `migrations` (
  `id` int UNSIGNED NOT NULL,
  `migration` varchar(255) COLLATE utf8mb4_unicode_ci NOT NULL,
  `batch` int NOT NULL
) ENGINE=InnoDB DEFAULT CHARSET=utf8mb4 COLLATE=utf8mb4_unicode_ci;

--
-- Déchargement des données de la table `migrations`
--

INSERT INTO `migrations` (`id`, `migration`, `batch`) VALUES
(1, '0001_01_01_000000_create_users_table', 1),
(2, '0001_01_01_000001_create_cache_table', 1),
(3, '0001_01_01_000002_create_jobs_table', 1);

-- --------------------------------------------------------

--
-- Structure de la table `password_reset_tokens`
--

CREATE TABLE `password_reset_tokens` (
  `email` varchar(255) COLLATE utf8mb4_unicode_ci NOT NULL,
  `token` varchar(255) COLLATE utf8mb4_unicode_ci NOT NULL,
  `created_at` timestamp NULL DEFAULT NULL
) ENGINE=InnoDB DEFAULT CHARSET=utf8mb4 COLLATE=utf8mb4_unicode_ci;

-- --------------------------------------------------------

--
-- Structure de la table `payements`
--

CREATE TABLE `payements` (
  `id` int NOT NULL,
  `commande_id` int NOT NULL,
  `mode_paye` varchar(20) DEFAULT 'espèce',
  `somme` double DEFAULT NULL,
  `created_at` timestamp NULL DEFAULT CURRENT_TIMESTAMP,
  `updated_at` timestamp NULL DEFAULT CURRENT_TIMESTAMP
) ENGINE=InnoDB DEFAULT CHARSET=utf8mb4 COLLATE=utf8mb4_general_ci;

--
-- Déchargement des données de la table `payements`
--

INSERT INTO `payements` (`id`, `commande_id`, `mode_paye`, `somme`, `created_at`, `updated_at`) VALUES
(1, 1, 'espèce', 15000, '2025-03-02 12:15:30', '2025-03-02 12:15:30'),
(2, 2, 'espèce', 8000, '2025-03-02 12:15:30', '2025-03-02 12:15:30');

-- --------------------------------------------------------

--
-- Structure de la table `sessions`
--

CREATE TABLE `sessions` (
  `id` varchar(255) COLLATE utf8mb4_unicode_ci NOT NULL,
  `user_id` bigint UNSIGNED DEFAULT NULL,
  `ip_address` varchar(45) COLLATE utf8mb4_unicode_ci DEFAULT NULL,
  `user_agent` text COLLATE utf8mb4_unicode_ci,
  `payload` longtext COLLATE utf8mb4_unicode_ci NOT NULL,
  `last_activity` int NOT NULL
) ENGINE=InnoDB DEFAULT CHARSET=utf8mb4 COLLATE=utf8mb4_unicode_ci;

--
-- Déchargement des données de la table `sessions`
--

INSERT INTO `sessions` (`id`, `user_id`, `ip_address`, `user_agent`, `payload`, `last_activity`) VALUES
('2UgIytWgNbBzLvmdJ87SWo8EMZ94R310sko495tv', 1, '::1', 'Mozilla/5.0 (Windows NT 10.0; Win64; x64) AppleWebKit/537.36 (KHTML, like Gecko) Chrome/134.0.0.0 Safari/537.36', 'YTo0OntzOjY6Il90b2tlbiI7czo0MDoiR0x3VGpqSDY4czQ5VVZzSGNwNjk4NnNHcmxhRm5tTXk1TmswWW40MiI7czo5OiJfcHJldmlvdXMiO2E6MTp7czozOiJ1cmwiO3M6NTU6Imh0dHA6Ly9sb2NhbGhvc3QvcHJvdmlzb2lyZS9wdWJsaWMvYm9pc3NvbnMvdmVudGVzLXBhZ2UiO31zOjY6Il9mbGFzaCI7YToyOntzOjM6Im9sZCI7YTowOnt9czozOiJuZXciO2E6MDp7fX1zOjUwOiJsb2dpbl93ZWJfNTliYTM2YWRkYzJiMmY5NDAxNTgwZjAxNGM3ZjU4ZWE0ZTMwOTg5ZCI7aToxO30=', 1742223228);

-- --------------------------------------------------------

--
-- Structure de la table `users`
--

CREATE TABLE `users` (
  `id` bigint UNSIGNED NOT NULL,
  `name` varchar(255) COLLATE utf8mb4_unicode_ci NOT NULL,
  `email` varchar(255) COLLATE utf8mb4_unicode_ci NOT NULL,
  `email_verified_at` timestamp NULL DEFAULT NULL,
  `password` varchar(255) COLLATE utf8mb4_unicode_ci NOT NULL,
  `remember_token` varchar(100) COLLATE utf8mb4_unicode_ci DEFAULT NULL,
  `created_at` timestamp NULL DEFAULT NULL,
  `updated_at` timestamp NULL DEFAULT NULL
) ENGINE=InnoDB DEFAULT CHARSET=utf8mb4 COLLATE=utf8mb4_unicode_ci;

--
-- Déchargement des données de la table `users`
--

INSERT INTO `users` (`id`, `name`, `email`, `email_verified_at`, `password`, `remember_token`, `created_at`, `updated_at`) VALUES
(1, 'mourad', 'admin@gmail.com', NULL, '$2y$12$O28DQMr.VrGR4GGwJuCaO.qhzp20moOy/70loiOLvvTE6p6PkOa46', NULL, '2025-02-11 05:21:30', '2025-02-11 05:21:30');

-- --------------------------------------------------------

--
-- Structure de la table `ventes`
--

CREATE TABLE `ventes` (
  `id` int NOT NULL,
  `article_id` int NOT NULL,
  `commande_id` int NOT NULL,
  `quantite` int NOT NULL,
  `btl` tinyint(1) DEFAULT NULL,
  `cgt` int DEFAULT NULL,
  `type_achat` varchar(10) DEFAULT NULL,
  `prix` int DEFAULT NULL,
  `date_sortie` date DEFAULT NULL,
  `created_at` timestamp NULL DEFAULT CURRENT_TIMESTAMP,
  `updated_at` timestamp NULL DEFAULT CURRENT_TIMESTAMP
) ENGINE=InnoDB DEFAULT CHARSET=utf8mb4 COLLATE=utf8mb4_general_ci;

--
-- Déchargement des données de la table `ventes`
--

INSERT INTO `ventes` (`id`, `article_id`, `commande_id`, `quantite`, `btl`, `cgt`, `type_achat`, `prix`, `date_sortie`, `created_at`, `updated_at`) VALUES
(1, 1, 2, 200, 1, 1, 'cageot', 1200, '2025-03-12', '2025-03-02 12:13:25', '2025-03-02 12:13:25'),
(2, 6, 2, 600, 1, 1, 'cageot', 1500, '2025-03-12', '2025-04-01 12:13:53', '2025-03-02 12:13:53'),
(3, 12, 6, 17, 1, 1, 'cageot', 2000, '2025-03-04', '2025-03-04 08:08:32', '2025-03-04 08:08:32'),
(4, 10, 6, 25, 1, 1, 'cageot', 1000, '2025-03-04', '2025-03-04 08:08:32', '2025-03-04 08:08:32'),
(5, 10, 7, 28, 0, 1, 'cageot', 1000, '2025-03-04', '2025-03-04 08:09:53', '2025-03-04 08:09:53'),
(6, 12, 8, 15, 1, 1, 'cageot', 2000, '2025-03-04', '2025-03-04 08:11:12', '2025-03-04 08:11:12'),
(7, 14, 8, 36, 1, 1, 'bouteille', 1500, '2025-03-04', '2025-03-04 08:11:12', '2025-03-04 08:11:12'),
(8, 1, 10, 14, 0, 1, 'cageot', 1200, '2025-03-04', '2025-03-04 08:13:47', '2025-03-04 08:13:47'),
(9, 8, 11, 12, 1, 1, 'bouteille', 3000, '2025-03-04', '2025-03-04 10:13:45', '2025-03-04 10:13:45'),
(10, 8, 11, 5, 1, 1, 'cageot', 3000, '2025-03-04', '2025-03-04 10:13:45', '2025-03-04 10:13:45'),
(11, 10, 12, 5, 1, 1, 'cageot', 1000, '2025-03-04', '2025-03-04 10:14:18', '2025-03-04 10:14:18'),
(12, 8, 13, 1, 1, 1, 'cageot', 3000, '2025-03-04', '2025-03-04 10:19:32', '2025-03-04 10:19:32'),
(13, 14, 13, 14, 1, 1, 'cageot', 1500, '2025-03-04', '2025-03-04 10:19:32', '2025-03-04 10:19:32'),
(14, 7, 15, 8, 1, 1, 'cageot', 4000, '2025-03-04', '2025-03-04 10:25:12', '2025-03-04 10:25:12'),
(15, 1, 16, 17, 1, 1, 'bouteille', 1200, '2025-03-04', '2025-03-04 10:26:18', '2025-03-04 10:26:18'),
(16, 11, 17, 17, 1, 1, 'cageot', 3200, '2025-03-04', '2025-03-04 10:33:18', '2025-03-04 10:33:18'),
(17, 7, 18, 7, 1, 1, 'cageot', 4000, '2025-03-04', '2025-03-04 10:51:55', '2025-03-04 10:51:55'),
(18, 9, 19, 90, 1, 1, 'cageot', 200, '2025-03-04', '2025-03-04 11:27:52', '2025-03-04 11:27:52'),
(19, 1, 20, 14, 1, 1, 'cageot', 1200, '2025-03-04', '2025-03-04 12:08:18', '2025-03-04 12:08:18'),
(20, 8, 23, 14, 1, 1, 'cageot', 2000, '2025-03-04', '2025-03-04 13:17:37', '2025-03-04 13:17:37'),
(21, 10, 23, 17, 1, 1, 'cageot', 2300, '2025-03-04', '2025-03-04 13:17:37', '2025-03-04 13:17:37'),
(22, 8, 26, 12, 1, 1, 'cageot', 2000, '2025-03-06', '2025-03-06 10:46:04', '2025-03-06 10:46:04'),
(23, 10, 26, 1, 1, 1, 'cageot', 2300, '2025-03-06', '2025-03-06 10:46:04', '2025-03-06 10:46:04'),
(24, 15, 27, 4, 1, 1, 'bouteile', 1500, '2025-03-06', '2025-03-06 10:49:40', '2025-03-06 10:49:40'),
(25, 12, 27, 2, 1, 1, 'bouteille', 2500, '2025-03-06', '2025-03-06 10:49:40', '2025-03-06 10:49:40'),
(26, 1, 36, 1, 1, 1, 'cageot', 1200, '2025-03-06', '2025-03-06 11:44:57', '2025-03-06 11:44:57'),
(27, 8, 36, 2, 1, 1, 'cageot', 2000, '2025-03-06', '2025-03-06 11:44:57', '2025-03-06 11:44:57'),
(28, 12, 36, 12, 1, 1, 'cageot', 2500, '2025-03-06', '2025-03-06 11:44:57', '2025-03-06 11:44:57'),
(29, 10, 38, 1, 1, 1, 'cageot', 2300, '2025-03-06', '2025-03-06 13:11:37', '2025-03-06 13:11:37'),
(30, 12, 38, 1, 1, 1, 'bouteille', 2500, '2025-03-06', '2025-03-06 13:11:37', '2025-03-06 13:11:37'),
(31, 6, 38, 1, 1, 1, 'cageot', 2000, '2025-03-06', '2025-03-06 13:11:37', '2025-03-06 13:11:37'),
(32, 7, 39, 1, 1, 1, 'cageot', 1200, '2025-03-06', '2025-03-06 14:04:53', '2025-03-06 14:04:53'),
(33, 8, 39, 2, 1, 1, 'cageot', 2000, '2025-03-06', '2025-03-06 14:04:53', '2025-03-06 14:04:53'),
(34, 7, 40, 1, 1, 1, 'cageot', 1200, '2025-03-06', '2025-03-06 14:07:16', '2025-03-06 14:07:16'),
(35, 8, 40, 2, 1, 1, 'cageot', 2000, '2025-03-06', '2025-03-06 14:07:16', '2025-03-06 14:07:16'),
(36, 7, 41, 1, 1, 1, 'cageot', 1200, '2025-03-06', '2025-03-06 14:07:42', '2025-03-06 14:07:42'),
(37, 8, 41, 2, 1, 1, 'cageot', 2000, '2025-03-06', '2025-03-06 14:07:42', '2025-03-06 14:07:42'),
(38, 7, 42, 1, 1, 1, 'cageot', 1200, '2025-03-06', '2025-03-06 14:09:38', '2025-03-06 14:09:38'),
(39, 8, 42, 2, 1, 1, 'cageot', 2000, '2025-03-06', '2025-03-06 14:09:38', '2025-03-06 14:09:38'),
(40, 7, 43, 1, 1, 1, 'cageot', 1200, '2025-03-06', '2025-03-06 14:15:11', '2025-03-06 14:15:11'),
(41, 8, 43, 2, 1, 1, 'cageot', 2000, '2025-03-06', '2025-03-06 14:15:11', '2025-03-06 14:15:11'),
(42, 7, 44, 1, 1, 1, 'cageot', 1200, '2025-03-06', '2025-03-06 14:15:32', '2025-03-06 14:15:32'),
(43, 8, 44, 2, 1, 1, 'cageot', 2000, '2025-03-06', '2025-03-06 14:15:32', '2025-03-06 14:15:32'),
(44, 8, 45, 1, 1, 1, 'cageot', 2000, '2025-03-06', '2025-03-06 14:15:59', '2025-03-06 14:15:59'),
(45, 10, 45, 1, 1, 1, 'cageot', 2300, '2025-03-06', '2025-03-06 14:15:59', '2025-03-06 14:15:59'),
(46, 7, 46, 1, 1, 1, 'cageot', 1200, '2025-03-06', '2025-03-06 14:16:57', '2025-03-06 14:16:57'),
(47, 10, 46, 1, 1, 1, 'cageot', 2300, '2025-03-06', '2025-03-06 14:16:57', '2025-03-06 14:16:57'),
(48, 8, 47, 1, 1, 1, 'cageot', 2000, '2025-03-06', '2025-03-06 14:17:54', '2025-03-06 14:17:54'),
(49, 1, 48, 1, 1, 1, 'cageot', 1200, '2025-03-06', '2025-03-06 14:18:16', '2025-03-06 14:18:16'),
(50, 10, 49, 1, 1, 1, 'cageot', 2300, '2025-03-06', '2025-03-06 14:20:22', '2025-03-06 14:20:22'),
(51, 14, 49, 1, 1, 1, 'cageot', 3000, '2025-03-06', '2025-03-06 14:20:22', '2025-03-06 14:20:22'),
(52, 9, 50, 11, 1, 1, 'bouteille', 1500, '2025-03-06', '2025-03-06 14:21:27', '2025-03-06 14:21:27'),
(53, 11, 51, 2, 1, 1, 'cageot', 2500, '2025-03-06', '2025-03-06 16:10:44', '2025-03-06 16:10:44'),
(54, 10, 52, 1, 1, 1, 'cageot', 2300, '2025-03-06', '2025-03-06 17:11:02', '2025-03-06 17:11:02'),
(55, 10, 52, 2, 1, 1, 'cageot', 2300, '2025-03-06', '2025-03-06 17:11:02', '2025-03-06 17:11:02'),
(56, 10, 52, 2, 1, 1, 'cageot', 2300, '2025-03-06', '2025-03-06 17:11:02', '2025-03-06 17:11:02'),
(57, 7, 52, 2, 1, 1, 'cageot', 1200, '2025-03-06', '2025-03-06 17:11:02', '2025-03-06 17:11:02'),
(58, 12, 52, 3, 1, 1, 'bouteille', 2500, '2025-03-06', '2025-03-06 17:11:02', '2025-03-06 17:11:02'),
(59, 14, 53, 2, 1, 1, 'cageot', 3000, '2025-03-07', '2025-03-07 01:46:58', '2025-03-07 01:46:58'),
(60, 1, 54, 1, 1, 1, 'cageot', 1200, '2025-03-07', '2025-03-07 02:53:26', '2025-03-07 02:53:26'),
(61, 1, 55, 1, 1, 1, 'cageot', 1200, '2025-03-07', '2025-03-07 02:53:41', '2025-03-07 02:53:41'),
(62, 8, 56, 1, 1, 1, 'cageot', 2000, '2025-03-07', '2025-03-07 02:54:02', '2025-03-07 02:54:02'),
(63, 15, 56, 1, 1, 1, 'cageot', 1500, '2025-03-07', '2025-03-07 02:54:02', '2025-03-07 02:54:02'),
(64, 11, 57, 1, 1, 1, 'cageot', 2500, '2025-03-07', '2025-03-07 02:57:26', '2025-03-07 02:57:26'),
(65, 11, 57, 14, 1, 1, 'bouteille', 2500, '2025-03-07', '2025-03-07 02:57:26', '2025-03-07 02:57:26'),
(66, 1, 58, 1, 1, 1, 'cageot', 1200, '2025-03-07', '2025-03-07 03:03:00', '2025-03-07 03:03:00'),
(67, 1, 59, 1, 1, 1, 'cageot', 1200, '2025-03-07', '2025-03-07 03:08:45', '2025-03-07 03:08:45'),
(68, 11, 60, 1, 1, 1, 'cageot', 2500, '2025-03-07', '2025-03-07 04:21:45', '2025-03-07 04:21:45'),
(69, 15, 61, 6, 1, 1, 'cageot', 1500, '2025-03-07', '2025-03-07 04:23:43', '2025-03-07 04:23:43'),
(70, 11, 61, 14, 1, 1, 'bouteille', 2500, '2025-03-07', '2025-03-07 04:23:43', '2025-03-07 04:23:43'),
(71, 8, 62, 1, 1, 1, 'bouteille', 2000, '2025-03-07', '2025-03-07 04:27:27', '2025-03-07 04:27:27'),
(72, 1, 63, 1, 1, 1, 'cageot', 1200, '2025-03-07', '2025-03-07 04:31:36', '2025-03-07 04:31:36'),
(73, 1, 64, 1, 1, 1, 'cageot', 1200, '2025-03-07', '2025-03-07 04:35:35', '2025-03-07 04:35:35'),
(74, 1, 65, 12, 1, 1, 'bouteille', 1200, '2025-03-07', '2025-03-07 04:36:52', '2025-03-07 04:36:52'),
(75, 1, 66, 5, 1, 1, 'bouteille', 1200, '2025-03-07', '2025-03-07 04:37:25', '2025-03-07 04:37:25'),
(76, 10, 67, 1, 1, 1, 'cageot', 2300, '2025-03-07', '2025-03-07 04:40:38', '2025-03-07 04:40:38'),
(77, 1, 68, 8, 1, 1, 'bouteille', 1200, '2025-03-07', '2025-03-07 04:42:40', '2025-03-07 04:42:40'),
(78, 1, 69, 8, 1, 1, 'bouteille', 1200, '2025-03-07', '2025-03-07 04:44:53', '2025-03-07 04:44:53'),
(79, 1, 70, 6, 1, 1, 'bouteille', 1200, '2025-03-07', '2025-03-07 04:45:20', '2025-03-07 04:45:20'),
(80, 1, 71, 5, 1, 1, 'bouteille', 1200, '2025-03-07', '2025-03-07 04:45:53', '2025-03-07 04:45:53'),
(81, 1, 72, 8, 1, 1, 'bouteille', 1200, '2025-03-07', '2025-03-07 04:47:54', '2025-03-07 04:47:54'),
(82, 1, 73, 1, 1, 1, 'cageot', 1200, '2025-03-07', '2025-03-07 04:49:39', '2025-03-07 04:49:39'),
(83, 8, 74, 2, 1, 1, 'cageot', 2000, '2025-03-07', '2025-03-07 04:51:19', '2025-03-07 04:51:19'),
(84, 1, 75, 1, 1, 1, 'bouteille', 1200, '2025-03-07', '2025-03-07 04:51:50', '2025-03-07 04:51:50'),
(85, 7, 76, 2, 1, 1, 'cageot', 1200, '2025-03-07', '2025-03-07 04:54:34', '2025-03-07 04:54:34'),
(86, 1, 76, 1, 1, 1, 'cageot', 1200, '2025-03-07', '2025-03-07 04:54:34', '2025-03-07 04:54:34'),
(87, 1, 77, 1, 1, 1, 'bouteille', 1200, '2025-03-07', '2025-03-07 04:57:22', '2025-03-07 04:57:22'),
(88, 8, 78, 4, 1, 1, 'bouteille', 2000, '2025-03-07', '2025-03-07 05:06:08', '2025-03-07 05:06:08'),
(89, 1, 79, 1, 1, 1, 'bouteille', 1200, '2025-03-07', '2025-03-07 05:08:12', '2025-03-07 05:08:12'),
(90, 1, 80, 2, 1, 1, 'bouteille', 1200, '2025-03-07', '2025-03-07 05:28:12', '2025-03-07 05:28:12'),
(91, 1, 81, 1, 1, 1, 'cageot', 1200, '2025-03-07', '2025-03-07 05:29:06', '2025-03-07 05:29:06'),
(92, 9, 82, 2, 1, 1, 'cageot', 1500, '2025-03-07', '2025-03-07 05:38:17', '2025-03-07 05:38:17'),
(93, 7, 83, 1, 1, 1, 'cageot', 1200, '2025-03-07', '2025-03-07 06:08:43', '2025-03-07 06:08:43'),
(94, 1, 86, 4, 1, 1, 'cageot', 4000, '2025-03-07', '2025-03-07 06:43:45', '2025-03-07 06:43:45'),
(95, 10, 87, 3, 1, 1, 'cageot', 2300, '2025-03-07', '2025-03-07 06:47:10', '2025-03-07 06:47:10'),
(96, 10, 87, 4, 1, 1, 'bouteille', 2300, '2025-03-07', '2025-03-07 06:47:10', '2025-03-07 06:47:10'),
(97, 1, 88, 1, 1, 1, 'cageot', 4000, '2025-03-07', '2025-03-07 06:52:00', '2025-03-07 06:52:00'),
(98, 8, 89, 1, 1, 1, 'cageot', 2000, '2025-03-07', '2025-03-07 06:58:02', '2025-03-07 06:58:02'),
(99, 8, 90, 1, 1, 1, 'cageot', 2000, '2025-03-07', '2025-03-07 06:58:24', '2025-03-07 06:58:24'),
(100, 7, 91, 14, 1, 1, 'bouteille', 1200, '2025-03-07', '2025-03-07 06:59:44', '2025-03-07 06:59:44'),
(101, 12, 92, 4, 0, 1, 'bouteille', 2500, '2025-03-07', '2025-03-07 07:04:20', '2025-03-07 07:04:20'),
(102, 15, 93, 1, 1, 1, 'cageot', 1500, '2025-03-07', '2025-03-07 07:06:06', '2025-03-07 07:06:06'),
(103, 7, 93, 17, 1, 1, 'bouteille', 1200, '2025-03-07', '2025-03-07 07:06:06', '2025-03-07 07:06:06'),
(104, 10, 93, 2, 1, 1, 'cageot', 2300, '2025-03-07', '2025-03-07 07:06:06', '2025-03-07 07:06:06'),
(105, 8, 94, 1, 0, 1, 'cageot', 2000, '2025-03-07', '2025-03-07 07:20:14', '2025-03-07 07:20:14'),
(106, 11, 94, 1, 1, 1, 'cageot', 2500, '2025-03-07', '2025-03-07 07:20:14', '2025-03-07 07:20:14'),
(107, 18, 96, 1, 0, 1, 'cageot', 3948, '2025-03-07', '2025-03-07 07:29:42', '2025-03-07 07:29:42'),
(108, 18, 96, 1, 1, 1, 'cageot', 3948, '2025-03-07', '2025-03-07 07:29:42', '2025-03-07 07:29:42'),
(109, 7, 97, 1, 0, 1, 'cageot', 1200, '2025-03-07', '2025-03-07 08:15:04', '2025-03-07 08:15:04'),
(110, 7, 97, 1, 1, 1, 'cageot', 1200, '2025-03-07', '2025-03-07 08:15:04', '2025-03-07 08:15:04'),
(111, 7, 98, 14, 0, 1, 'bouteille', 1200, '2025-03-07', '2025-03-07 08:17:05', '2025-03-07 08:17:05'),
(112, 7, 98, 14, 1, 1, 'bouteille', 1200, '2025-03-07', '2025-03-07 08:17:05', '2025-03-07 08:17:05'),
(113, 8, 99, 1, 0, 1, 'cageot', 2000, '2025-03-07', '2025-03-07 08:35:41', '2025-03-07 08:35:41'),
(114, 8, 99, 1, 1, 1, 'cageot', 2000, '2025-03-07', '2025-03-07 08:35:41', '2025-03-07 08:35:41'),
(115, 8, 99, 1, 0, 1, 'cageot', 2000, '2025-03-07', '2025-03-07 08:35:41', '2025-03-07 08:35:41'),
(116, 8, 99, 2, 1, 1, 'bouteille', 2000, '2025-03-07', '2025-03-07 08:35:41', '2025-03-07 08:35:41'),
(117, 8, 99, 2, 0, 1, 'bouteille', 2000, '2025-03-07', '2025-03-07 08:35:41', '2025-03-07 08:35:41'),
(118, 14, 100, 1, 1, 1, 'cageot', 3000, '2025-03-07', '2025-03-07 08:39:11', '2025-03-07 08:39:11'),
(119, 1, 101, 1, 0, 1, 'cageot', 4000, '2025-03-07', '2025-03-07 08:40:04', '2025-03-07 08:40:04'),
(120, 1, 102, 1, 1, 1, 'cageot', 4000, '2025-03-07', '2025-03-07 09:11:43', '2025-03-07 09:11:43'),
(121, 1, 103, 1, 0, 1, 'cageot', 4000, '2025-03-07', '2025-03-07 09:12:09', '2025-03-07 09:12:09'),
(122, 1, 104, 14, 1, 1, 'bouteille', 4000, '2025-03-07', '2025-03-07 09:12:59', '2025-03-07 09:12:59'),
(123, 7, 105, 1, 0, 1, 'cageot', 1200, '2025-03-07', '2025-03-07 09:19:57', '2025-03-07 09:19:57'),
(124, 7, 105, 1, 1, 1, 'cageot', 1200, '2025-03-07', '2025-03-07 09:19:57', '2025-03-07 09:19:57'),
(125, 1, 107, 1, 0, 1, 'cageot', 4000, '2025-03-07', '2025-03-07 09:28:02', '2025-03-07 09:28:02'),
(126, 10, 107, 6, 0, 1, 'bouteille', 2300, '2025-03-07', '2025-03-07 09:28:02', '2025-03-07 09:28:02'),
(127, 9, 108, 4, 0, 1, 'cageot', 1500, '2025-03-07', '2025-03-07 10:18:54', '2025-03-07 10:18:54'),
(128, 7, 108, 14, 0, 1, 'bouteille', 1200, '2025-03-07', '2025-03-07 10:18:54', '2025-03-07 10:18:54'),
(129, 15, 108, 2, 0, 1, 'cageot', 1500, '2025-03-07', '2025-03-07 10:18:54', '2025-03-07 10:18:54'),
(130, 17, 110, 1, 0, 1, 'cageot', 3400, '2025-03-07', '2025-03-07 11:57:12', '2025-03-07 11:57:12'),
(131, 10, 110, 1, 0, 1, 'cageot', 2300, '2025-03-07', '2025-03-07 11:57:12', '2025-03-07 11:57:12'),
(132, 11, 111, 1, 0, 1, 'cageot', 2500, '2025-03-07', '2025-03-07 11:57:52', '2025-03-07 11:57:52'),
(133, 16, 111, 1, 0, 1, 'cageot', 4000, '2025-03-07', '2025-03-07 11:57:52', '2025-03-07 11:57:52'),
(134, 1, 112, 1, 0, 1, 'cageot', 4000, '2025-03-07', '2025-03-07 12:59:29', '2025-03-07 12:59:29'),
(135, 16, 112, 4, 0, 1, 'bouteille', 4000, '2025-03-07', '2025-03-07 12:59:29', '2025-03-07 12:59:29'),
(136, 1, 113, 1, 0, 1, 'cageot', 4000, '2025-03-10', '2025-03-10 03:52:10', '2025-03-10 03:52:10'),
(137, 10, 114, 1, 1, 1, 'cageot', 2300, '2025-03-10', '2025-03-10 03:53:24', '2025-03-10 03:53:24'),
(138, 6, 115, 2, 0, 1, 'bouteille', 2000, '2025-03-11', '2025-03-11 16:54:37', '2025-03-11 16:54:37'),
(139, 6, 116, 2, 0, 1, 'cageot', 2000, '2025-03-11', '2025-03-11 17:02:58', '2025-03-11 17:02:58'),
(140, 9, 117, 1, 0, 1, 'cageot', 1500, '2025-03-11', '2025-03-11 17:03:33', '2025-03-11 17:03:33'),
(141, 10, 118, 1, 1, 0, 'cageot', 2300, '2025-03-11', '2025-03-11 17:04:30', '2025-03-11 17:04:30'),
(142, 12, 118, 4, 1, 1, 'bouteille', 2500, '2025-03-11', '2025-03-11 17:04:30', '2025-03-11 17:04:30'),
(143, 8, 119, 1, 0, 0, 'cageot', 2000, '2025-03-14', '2025-03-14 06:06:04', '2025-03-14 06:06:04'),
(144, 10, 120, 1, 1, 1, 'cageot', 2300, '2025-03-14', '2025-03-14 06:27:47', '2025-03-14 06:27:47'),
(145, 1, 121, 1, 0, 0, 'cageot', 4000, '2025-03-14', '2025-03-14 06:45:04', '2025-03-14 06:45:04'),
(146, 1, 122, 1, 0, 1, 'cageot', 4000, '2025-03-14', '2025-03-14 06:45:30', '2025-03-14 06:45:30'),
(147, 9, 123, 1, 0, 0, 'cageot', 1500, '2025-03-14', '2025-03-14 07:08:02', '2025-03-14 07:08:02'),
(148, 6, 124, 1, 0, 0, 'cageot', 2000, '2025-03-14', '2025-03-14 07:15:45', '2025-03-14 07:15:45'),
(149, 10, 125, 1, 0, 0, 'cageot', 2300, '2025-03-14', '2025-03-14 07:18:54', '2025-03-14 07:18:54'),
(150, 9, 126, 1, 0, 0, 'cageot', 1500, '2025-03-14', '2025-03-14 07:20:11', '2025-03-14 07:20:11'),
(151, 10, 127, 1, 0, 0, 'cageot', 2300, '2025-03-14', '2025-03-14 07:21:07', '2025-03-14 07:21:07'),
(152, 1, 128, 1, 0, 0, 'cageot', 4000, '2025-03-14', '2025-03-14 07:22:02', '2025-03-14 07:22:02'),
(153, 9, 129, 1, 0, 0, 'cageot', 1500, '2025-03-14', '2025-03-14 07:22:28', '2025-03-14 07:22:28'),
(154, 9, 130, 1, 0, 0, 'cageot', 1500, '2025-03-14', '2025-03-14 07:23:00', '2025-03-14 07:23:00'),
(155, 14, 131, 2, 0, 0, 'cageot', 3000, '2025-03-14', '2025-03-14 07:23:17', '2025-03-14 07:23:17'),
(156, 12, 132, 1, 0, 0, 'cageot', 2500, '2025-03-14', '2025-03-14 07:24:15', '2025-03-14 07:24:15'),
(157, 8, 133, 1, 0, 0, 'cageot', 2000, '2025-03-14', '2025-03-14 07:25:07', '2025-03-14 07:25:07'),
(158, 12, 134, 1, 0, 0, 'cageot', 2500, '2025-03-14', '2025-03-14 07:26:29', '2025-03-14 07:26:29'),
(159, 14, 135, 1, 0, 0, 'cageot', 3000, '2025-03-14', '2025-03-14 07:26:50', '2025-03-14 07:26:50'),
(160, 1, 136, 2, 0, 1, 'cageot', 4000, '2025-03-14', '2025-03-14 07:27:25', '2025-03-14 07:27:25'),
(161, 6, 137, 1, 0, 0, 'cageot', 2000, '2025-03-14', '2025-03-14 07:28:51', '2025-03-14 07:28:51'),
(162, 1, 138, 2, 0, 0, 'cageot', 4000, '2025-03-14', '2025-03-14 07:29:50', '2025-03-14 07:29:50'),
(163, 1, 139, 1, 0, 0, 'cageot', 4000, '2025-03-14', '2025-03-14 07:30:22', '2025-03-14 07:30:22'),
(164, 1, 140, 2, 0, 0, 'cageot', 4000, '2025-03-14', '2025-03-14 07:30:43', '2025-03-14 07:30:43'),
(165, 1, 141, 1, 0, 0, 'cageot', 4000, '2025-03-14', '2025-03-14 07:31:09', '2025-03-14 07:31:09'),
(166, 1, 142, 1, 0, 0, 'cageot', 4000, '2025-03-14', '2025-03-14 07:31:43', '2025-03-14 07:31:43'),
(167, 1, 143, 1, 0, 0, 'cageot', 4000, '2025-03-14', '2025-03-14 07:32:09', '2025-03-14 07:32:09'),
(168, 1, 144, 1, 0, 0, 'cageot', 4000, '2025-03-14', '2025-03-14 07:32:28', '2025-03-14 07:32:28'),
(169, 10, 145, 1, 0, 0, 'cageot', 2300, '2025-03-14', '2025-03-14 07:32:56', '2025-03-14 07:32:56'),
(170, 1, 146, 2, 0, 0, 'cageot', 4000, '2025-03-14', '2025-03-14 07:33:07', '2025-03-14 07:33:07'),
(171, 1, 147, 2, 0, 0, 'cageot', 4000, '2025-03-14', '2025-03-14 07:33:40', '2025-03-14 07:33:40'),
(172, 1, 148, 2, 0, 0, 'cageot', 4000, '2025-03-14', '2025-03-14 07:34:07', '2025-03-14 07:34:07'),
(173, 8, 149, 1, 0, 0, 'cageot', 2000, '2025-03-14', '2025-03-14 07:34:38', '2025-03-14 07:34:38'),
(174, 1, 150, 2, 0, 0, 'cageot', 4000, '2025-03-14', '2025-03-14 07:35:47', '2025-03-14 07:35:47'),
(175, 17, 151, 1, 0, 0, 'cageot', 3400, '2025-03-14', '2025-03-14 07:36:06', '2025-03-14 07:36:06'),
(176, 1, 152, 1, 0, 0, 'cageot', 4000, '2025-03-14', '2025-03-14 07:51:06', '2025-03-14 07:51:06'),
(177, 1, 153, 1, 1, 0, 'cageot', 4000, '2025-03-14', '2025-03-14 07:51:39', '2025-03-14 07:51:39'),
(178, 1, 154, 1, 0, 0, 'cageot', 4000, '2025-03-14', '2025-03-14 08:20:00', '2025-03-14 08:20:00'),
(179, 1, 155, 1, 1, 0, 'cageot', 4000, '2025-03-14', '2025-03-14 08:22:31', '2025-03-14 08:22:31'),
(180, 1, 156, 1, 0, 0, 'cageot', 4000, '2025-03-14', '2025-03-14 08:24:44', '2025-03-14 08:24:44'),
(181, 1, 157, 1, 0, 0, 'cageot', 4000, '2025-03-14', '2025-03-14 08:27:18', '2025-03-14 08:27:18'),
(182, 1, 158, 1, 0, 0, 'cageot', 4000, '2025-03-14', '2025-03-14 08:28:58', '2025-03-14 08:28:58'),
(183, 1, 159, 1, 1, 0, 'cageot', 4000, '2025-03-14', '2025-03-14 08:29:07', '2025-03-14 08:29:07'),
(184, 1, 160, 1, 0, 0, 'cageot', 4000, '2025-03-14', '2025-03-14 08:41:39', '2025-03-14 08:41:39'),
(185, 1, 161, 1, 0, 0, 'cageot', 4000, '2025-03-14', '2025-03-14 08:43:22', '2025-03-14 08:43:22'),
(186, 1, 162, 2, 0, 0, 'cageot', 4000, '2025-03-14', '2025-03-14 08:45:44', '2025-03-14 08:45:44'),
(187, 1, 163, 1, 0, 0, 'cageot', 4000, '2025-03-14', '2025-03-14 08:52:03', '2025-03-14 08:52:03'),
(188, 7, 164, 1, 0, 0, 'cageot', 1200, '2025-03-15', '2025-03-15 16:47:25', '2025-03-15 16:47:25'),
(189, 11, 165, 1, 0, 0, 'cageot', 2500, '2025-03-15', '2025-03-15 16:48:23', '2025-03-15 16:48:23'),
(190, 7, 166, 1, 0, 0, 'cageot', 1200, '2025-03-15', '2025-03-15 17:04:00', '2025-03-15 17:04:00'),
(191, 8, 166, 1, 0, 0, 'cageot', 2000, '2025-03-15', '2025-03-15 17:04:00', '2025-03-15 17:04:00'),
(192, 16, 166, 1, 0, 0, 'cageot', 4000, '2025-03-15', '2025-03-15 17:04:00', '2025-03-15 17:04:00'),
(193, 8, 167, 1, 0, 0, 'cageot', 2000, '2025-03-15', '2025-03-15 17:10:53', '2025-03-15 17:10:53'),
(194, 1, 168, 2, 0, 0, 'cageot', 4000, '2025-03-15', '2025-03-15 20:38:53', '2025-03-15 20:38:53'),
(195, 1, 169, 1, 0, 0, 'bouteille', 4000, '2025-03-15', '2025-03-15 20:39:20', '2025-03-15 20:39:20'),
(196, 7, 170, 4, 0, 0, 'bouteille', 1200, '2025-03-15', '2025-03-15 20:40:49', '2025-03-15 20:40:49'),
(197, 9, 171, 2, 0, 0, 'bouteille', 1500, '2025-03-15', '2025-03-15 20:42:33', '2025-03-15 20:42:33'),
(198, 11, 171, 2, 1, 0, 'bouteille', 2500, '2025-03-15', '2025-03-15 20:42:33', '2025-03-15 20:42:33'),
(199, 1, 172, 4, 1, 0, 'bouteille', 4000, '2025-03-15', '2025-03-15 20:45:44', '2025-03-15 20:45:44'),
(200, 1, 172, 4, 0, 0, 'bouteille', 4000, '2025-03-15', '2025-03-15 20:45:44', '2025-03-15 20:45:44'),
(201, 1, 173, 1, 0, 0, 'cageot', 4000, '2025-03-15', '2025-03-15 20:46:20', '2025-03-15 20:46:20'),
(202, 1, 174, 4, 1, 0, 'bouteille', 4000, '2025-03-16', '2025-03-15 21:04:16', '2025-03-15 21:04:16'),
(203, 1, 175, 4, 0, 0, 'bouteille', 4000, '2025-03-16', '2025-03-16 09:48:40', '2025-03-16 09:48:40'),
(204, 1, 176, 4, 0, 0, 'bouteille', 4000, '2025-03-16', '2025-03-16 09:49:17', '2025-03-16 09:49:17'),
(205, 7, 177, 1, 0, 0, 'cageot', 1200, '2025-03-16', '2025-03-16 09:51:16', '2025-03-16 09:51:16'),
(206, 1, 178, 1, 0, 0, 'cageot', 4000, '2025-03-16', '2025-03-16 09:52:07', '2025-03-16 09:52:07'),
(207, 1, 179, 1, 1, 0, 'cageot', 4000, '2025-03-16', '2025-03-16 09:54:25', '2025-03-16 09:54:25'),
(208, 1, 180, 1, 0, 0, 'cageot', 4000, '2025-03-16', '2025-03-16 10:49:17', '2025-03-16 10:49:17'),
(209, 1, 181, 1, 1, 0, 'cageot', 4000, '2025-03-16', '2025-03-16 10:49:42', '2025-03-16 10:49:42'),
(210, 8, 182, 1, 1, 0, 'cageot', 2000, '2025-03-16', '2025-03-16 10:51:39', '2025-03-16 10:51:39'),
(211, 9, 183, 4, 1, 0, 'bouteille', 1500, '2025-03-16', '2025-03-16 10:52:38', '2025-03-16 10:52:38'),
(212, 14, 184, 1, 1, 1, 'cageot', 3000, '2025-03-16', '2025-03-16 10:53:09', '2025-03-16 10:53:09'),
(213, 9, 185, 4, 0, 0, 'bouteille', 1500, '2025-03-16', '2025-03-16 10:54:33', '2025-03-16 10:54:33'),
(214, 11, 185, 2, 0, 0, 'bouteille', 2500, '2025-03-16', '2025-03-16 10:54:33', '2025-03-16 10:54:33'),
(215, 11, 186, 1, 0, 0, 'cageot', 2500, '2025-03-16', '2025-03-16 10:58:26', '2025-03-16 10:58:26'),
(216, 11, 186, 14, 0, 0, 'bouteille', 2500, '2025-03-16', '2025-03-16 10:58:26', '2025-03-16 10:58:26'),
(217, 6, 187, 1, 0, 0, 'cageot', 2000, '2025-03-16', '2025-03-16 11:35:39', '2025-03-16 11:35:39'),
(218, 6, 187, 1, 1, 0, 'cageot', 2000, '2025-03-16', '2025-03-16 11:35:39', '2025-03-16 11:35:39'),
(219, 6, 187, 1, 1, 1, 'cageot', 2000, '2025-03-16', '2025-03-16 11:35:39', '2025-03-16 11:35:39'),
(220, 14, 187, 8, 0, 0, 'bouteille', 3000, '2025-03-16', '2025-03-16 11:35:39', '2025-03-16 11:35:39'),
(221, 17, 187, 9, 1, 0, 'bouteille', 3400, '2025-03-16', '2025-03-16 11:35:39', '2025-03-16 11:35:39'),
(222, 9, 187, 15, 1, 0, 'bouteille', 1500, '2025-03-16', '2025-03-16 11:35:39', '2025-03-16 11:35:39'),
(223, 1, 188, 1, 0, 0, 'cageot', 4000, '2025-03-17', '2025-03-17 02:40:28', '2025-03-17 02:40:28'),
(224, 1, 189, 1, 1, 0, 'cageot', 4000, '2025-03-17', '2025-03-17 02:40:54', '2025-03-17 02:40:54'),
(225, 1, 190, 1, 0, 1, 'cageot', 4000, '2025-03-17', '2025-03-17 02:43:46', '2025-03-17 02:43:46'),
(226, 9, 191, 1, 0, 0, 'cageot', 1500, '2025-03-17', '2025-03-17 02:44:08', '2025-03-17 02:44:08'),
(227, 1, 192, 1, 1, 0, 'cageot', 4000, '2025-03-17', '2025-03-17 04:42:24', '2025-03-17 04:42:24'),
(228, 8, 193, 1, 0, 0, 'cageot', 2000, '2025-03-17', '2025-03-17 04:42:45', '2025-03-17 04:42:45'),
(229, 1, 194, 1, 1, 1, 'cageot', 4000, '2025-03-17', '2025-03-17 04:43:27', '2025-03-17 04:43:27'),
(230, 1, 195, 1, 0, 1, 'cageot', 4000, '2025-03-17', '2025-03-17 04:47:39', '2025-03-17 04:47:39'),
(231, 1, 196, 1, 1, 0, 'cageot', 4000, '2025-03-17', '2025-03-17 04:55:13', '2025-03-17 04:55:13'),
(232, 1, 197, 1, 1, 0, 'cageot', 4000, '2025-03-17', '2025-03-17 04:58:01', '2025-03-17 04:58:01'),
(233, 1, 198, 1, 1, 0, 'cageot', 4000, '2025-03-17', '2025-03-17 05:00:44', '2025-03-17 05:00:44'),
(234, 11, 199, 1, 0, 1, 'cageot', 2500, '2025-03-17', '2025-03-17 05:01:24', '2025-03-17 05:01:24'),
(235, 1, 200, 1, 1, 1, 'cageot', 4000, '2025-03-17', '2025-03-17 05:06:13', '2025-03-17 05:06:13'),
(236, 1, 201, 1, 1, 0, 'cageot', 4000, '2025-03-17', '2025-03-17 05:07:45', '2025-03-17 05:07:45'),
(237, 1, 201, 1, 1, 1, 'cageot', 4000, '2025-03-17', '2025-03-17 05:07:45', '2025-03-17 05:07:45'),
(238, 1, 202, 1, 0, 0, 'cageot', 4000, '2025-03-17', '2025-03-17 05:10:34', '2025-03-17 05:10:34'),
(239, 1, 202, 1, 1, 0, 'cageot', 4000, '2025-03-17', '2025-03-17 05:10:34', '2025-03-17 05:10:34'),
(240, 1, 202, 1, 1, 1, 'cageot', 4000, '2025-03-17', '2025-03-17 05:10:34', '2025-03-17 05:10:34'),
(241, 1, 203, 2, 0, 0, 'cageot', 4000, '2025-03-17', '2025-03-17 05:10:54', '2025-03-17 05:10:54'),
(242, 1, 204, 4, 1, 0, 'cageot', 4000, '2025-03-17', '2025-03-17 05:11:13', '2025-03-17 05:11:13'),
(243, 10, 205, 1, 0, 0, 'cageot', 2300, '2025-03-17', '2025-03-17 05:14:46', '2025-03-17 05:14:46'),
(244, 1, 206, 4, 0, 0, 'bouteille', 4000, '2025-03-17', '2025-03-17 05:18:30', '2025-03-17 05:18:30'),
(245, 6, 207, 1, 0, 0, 'bouteille', 2000, '2025-03-17', '2025-03-17 05:19:05', '2025-03-17 05:19:05'),
(246, 6, 208, 4, 0, 0, 'bouteille', 2000, '2025-03-17', '2025-03-17 05:20:18', '2025-03-17 05:20:18'),
(247, 1, 209, 7, 1, 0, 'bouteille', 4000, '2025-03-17', '2025-03-17 05:25:34', '2025-03-17 05:25:34'),
(248, 9, 209, 8, 1, 0, 'bouteille', 1500, '2025-03-17', '2025-03-17 05:25:34', '2025-03-17 05:25:34'),
(249, 12, 209, 5, 0, 0, 'bouteille', 2500, '2025-03-17', '2025-03-17 05:25:34', '2025-03-17 05:25:34'),
(250, 11, 210, 1, 1, 0, 'cageot', 2500, '2025-03-17', '2025-03-17 05:36:05', '2025-03-17 05:36:05'),
(251, 1, 211, 1, 1, 0, 'cageot', 4000, '2025-03-17', '2025-03-17 05:37:25', '2025-03-17 05:37:25'),
(252, 1, 211, 1, 0, 1, 'cageot', 4000, '2025-03-17', '2025-03-17 05:37:25', '2025-03-17 05:37:25'),
(253, 1, 211, 1, 1, 1, 'cageot', 4000, '2025-03-17', '2025-03-17 05:37:25', '2025-03-17 05:37:25'),
(254, 1, 211, 1, 0, 0, 'cageot', 4000, '2025-03-17', '2025-03-17 05:37:25', '2025-03-17 05:37:25'),
(255, 1, 212, 1, 1, 0, 'cageot', 4000, '2025-03-17', '2025-03-17 05:44:09', '2025-03-17 05:44:09'),
(256, 8, 212, 2, 1, 0, 'bouteille', 2000, '2025-03-17', '2025-03-17 05:44:09', '2025-03-17 05:44:09'),
(257, 12, 213, 1, 0, 0, 'cageot', 2500, '2025-03-17', '2025-03-17 05:45:19', '2025-03-17 05:45:19'),
(258, 10, 213, 1, 1, 0, 'bouteille', 2300, '2025-03-17', '2025-03-17 05:45:19', '2025-03-17 05:45:19'),
(259, 1, 214, 4, 1, 0, 'bouteille', 4000, '2025-03-17', '2025-03-17 05:45:50', '2025-03-17 05:45:50'),
(260, 1, 215, 1, 1, 0, 'bouteille', 4000, '2025-03-17', '2025-03-17 05:46:29', '2025-03-17 05:46:29'),
(261, 1, 216, 1, 0, 0, 'bouteille', 4000, '2025-03-17', '2025-03-17 05:46:38', '2025-03-17 05:46:38'),
(262, 1, 217, 1, 0, 0, 'bouteille', 4000, '2025-03-17', '2025-03-17 05:47:09', '2025-03-17 05:47:09'),
(263, 1, 218, 6, 0, 0, 'bouteille', 4000, '2025-03-17', '2025-03-17 05:47:29', '2025-03-17 05:47:29'),
(264, 1, 219, 2, 0, 0, 'bouteille', 4000, '2025-03-17', '2025-03-17 06:32:11', '2025-03-17 06:32:11'),
(265, 7, 220, 2, 0, 0, 'bouteille', 1200, '2025-03-17', '2025-03-17 07:04:33', '2025-03-17 07:04:33'),
(266, 9, 221, 1, 0, 0, 'cageot', 1500, '2025-03-17', '2025-03-17 07:15:50', '2025-03-17 07:15:50'),
(267, 1, 222, 1, 0, 0, 'cageot', 4000, '2025-03-17', '2025-03-17 07:16:09', '2025-03-17 07:16:09'),
(268, 8, 223, 1, 0, 0, 'cageot', 2000, '2025-03-17', '2025-03-17 07:24:35', '2025-03-17 07:24:35'),
(269, 9, 224, 2, 0, 0, 'bouteille', 1500, '2025-03-17', '2025-03-17 07:25:03', '2025-03-17 07:25:03'),
(270, 9, 224, 2, 1, 0, 'bouteille', 1500, '2025-03-17', '2025-03-17 07:25:03', '2025-03-17 07:25:03'),
(271, 1, 225, 14, 0, 0, 'bouteille', 4000, '2025-03-17', '2025-03-17 07:48:34', '2025-03-17 07:48:34'),
(272, 1, 226, 12, 1, 0, 'bouteille', 4000, '2025-03-17', '2025-03-17 07:49:37', '2025-03-17 07:49:37'),
(273, 9, 227, 25, 0, 0, 'bouteille', 1500, '2025-03-17', '2025-03-17 08:08:29', '2025-03-17 08:08:29'),
(274, 15, 228, 14, 0, 0, 'bouteille', 1500, '2025-03-17', '2025-03-17 08:50:41', '2025-03-17 08:50:41'),
(275, 9, 229, 25, 0, 0, 'bouteille', 1500, '2025-03-17', '2025-03-17 08:51:21', '2025-03-17 08:51:21'),
(276, 10, 230, 14, 0, 0, 'bouteille', 2300, '2025-03-17', '2025-03-17 08:52:15', '2025-03-17 08:52:15'),
(277, 14, 230, 15, 0, 0, 'bouteille', 3000, '2025-03-17', '2025-03-17 08:52:15', '2025-03-17 08:52:15'),
(278, 6, 231, 7, 0, 0, 'bouteille', 2000, '2025-03-17', '2025-03-17 08:55:47', '2025-03-17 08:55:47'),
(279, 7, 231, 19, 0, 0, 'bouteille', 1200, '2025-03-17', '2025-03-17 08:55:47', '2025-03-17 08:55:47'),
(280, 1, 232, 3, 1, 0, 'bouteille', 4000, '2025-03-17', '2025-03-17 09:47:56', '2025-03-17 09:47:56'),
(281, 8, 233, 1, 0, 0, 'bouteille', 2000, '2025-03-17', '2025-03-17 09:53:00', '2025-03-17 09:53:00'),
(282, 11, 233, 1, 0, 0, 'bouteille', 2500, '2025-03-17', '2025-03-17 09:53:00', '2025-03-17 09:53:00'),
(283, 1, 233, 4, 1, 0, 'cageot', 4000, '2025-03-17', '2025-03-17 09:53:00', '2025-03-17 09:53:00'),
(284, 10, 234, 14, 0, 0, 'bouteille', 2300, '2025-03-17', '2025-03-17 09:53:56', '2025-03-17 09:53:56'),
(285, 12, 234, 17, 0, 0, 'bouteille', 2500, '2025-03-17', '2025-03-17 09:53:56', '2025-03-17 09:53:56'),
(286, 1, 235, 1, 0, 0, 'cageot', 4000, '2025-03-17', '2025-03-17 10:09:59', '2025-03-17 10:09:59'),
(287, 17, 236, 14, 1, 0, 'bouteille', 3400, '2025-03-17', '2025-03-17 11:10:40', '2025-03-17 11:10:40'),
(288, 6, 236, 5, 1, 0, 'bouteille', 2000, '2025-03-17', '2025-03-17 11:10:40', '2025-03-17 11:10:40'),
(289, 7, 236, 7, 1, 0, 'bouteille', 1200, '2025-03-17', '2025-03-17 11:10:40', '2025-03-17 11:10:40'),
(290, 15, 236, 19, 0, 0, 'bouteille', 1500, '2025-03-17', '2025-03-17 11:10:40', '2025-03-17 11:10:40'),
(291, 18, 236, 18, 0, 0, 'bouteille', 3948, '2025-03-17', '2025-03-17 11:10:40', '2025-03-17 11:10:40'),
(292, 8, 237, 1, 0, 0, 'cageot', 2000, '2025-03-17', '2025-03-17 11:45:45', '2025-03-17 11:45:45'),
(293, 8, 237, 1, 1, 0, 'cageot', 2000, '2025-03-17', '2025-03-17 11:45:45', '2025-03-17 11:45:45'),
(294, 11, 237, 4, 1, 0, 'bouteille', 2500, '2025-03-17', '2025-03-17 11:45:45', '2025-03-17 11:45:45');

--
-- Index pour les tables déchargées
--

--
-- Index pour la table `achats`
--
ALTER TABLE `achats`
  ADD PRIMARY KEY (`id`),
  ADD KEY `article_id` (`article_id`),
  ADD KEY `commande_id` (`commande_id`),
  ADD KEY `fournisseur_id` (`fournisseur_id`);

--
-- Index pour la table `articles`
--
ALTER TABLE `articles`
  ADD PRIMARY KEY (`id`),
  ADD KEY `categorie_id` (`categorie_id`);

--
-- Index pour la table `cache`
--
ALTER TABLE `cache`
  ADD PRIMARY KEY (`key`);

--
-- Index pour la table `cache_locks`
--
ALTER TABLE `cache_locks`
  ADD PRIMARY KEY (`key`);

--
-- Index pour la table `categories`
--
ALTER TABLE `categories`
  ADD PRIMARY KEY (`id`);

--
-- Index pour la table `clients`
--
ALTER TABLE `clients`
  ADD PRIMARY KEY (`id`);

--
-- Index pour la table `commandes`
--
ALTER TABLE `commandes`
  ADD PRIMARY KEY (`id`),
  ADD KEY `client_id` (`client_id`),
  ADD KEY `commandes_ibfk_2` (`user_id`);

--
-- Index pour la table `conditionnements`
--
ALTER TABLE `conditionnements`
  ADD PRIMARY KEY (`id`);

--
-- Index pour la table `consignations`
--
ALTER TABLE `consignations`
  ADD PRIMARY KEY (`id`),
  ADD KEY `vente_achat_id` (`vente_id`);

--
-- Index pour la table `consignation_achats`
--
ALTER TABLE `consignation_achats`
  ADD PRIMARY KEY (`id`),
  ADD KEY `achat_id` (`achat_id`);

--
-- Index pour la table `failed_jobs`
--
ALTER TABLE `failed_jobs`
  ADD PRIMARY KEY (`id`),
  ADD UNIQUE KEY `failed_jobs_uuid_unique` (`uuid`);

--
-- Index pour la table `fournisseurs`
--
ALTER TABLE `fournisseurs`
  ADD PRIMARY KEY (`id`);

--
-- Index pour la table `jobs`
--
ALTER TABLE `jobs`
  ADD PRIMARY KEY (`id`),
  ADD KEY `jobs_queue_index` (`queue`);

--
-- Index pour la table `job_batches`
--
ALTER TABLE `job_batches`
  ADD PRIMARY KEY (`id`);

--
-- Index pour la table `migrations`
--
ALTER TABLE `migrations`
  ADD PRIMARY KEY (`id`);

--
-- Index pour la table `password_reset_tokens`
--
ALTER TABLE `password_reset_tokens`
  ADD PRIMARY KEY (`email`);

--
-- Index pour la table `payements`
--
ALTER TABLE `payements`
  ADD PRIMARY KEY (`id`),
  ADD KEY `commande_id` (`commande_id`);

--
-- Index pour la table `sessions`
--
ALTER TABLE `sessions`
  ADD PRIMARY KEY (`id`),
  ADD KEY `sessions_user_id_index` (`user_id`),
  ADD KEY `sessions_last_activity_index` (`last_activity`);

--
-- Index pour la table `users`
--
ALTER TABLE `users`
  ADD PRIMARY KEY (`id`),
  ADD UNIQUE KEY `users_email_unique` (`email`);

--
-- Index pour la table `ventes`
--
ALTER TABLE `ventes`
  ADD PRIMARY KEY (`id`),
  ADD KEY `commande_id` (`commande_id`),
  ADD KEY `article_id` (`article_id`);

--
-- AUTO_INCREMENT pour les tables déchargées
--

--
-- AUTO_INCREMENT pour la table `achats`
--
ALTER TABLE `achats`
  MODIFY `id` int NOT NULL AUTO_INCREMENT, AUTO_INCREMENT=29;

--
-- AUTO_INCREMENT pour la table `articles`
--
ALTER TABLE `articles`
  MODIFY `id` int NOT NULL AUTO_INCREMENT, AUTO_INCREMENT=20;

--
-- AUTO_INCREMENT pour la table `categories`
--
ALTER TABLE `categories`
  MODIFY `id` int NOT NULL AUTO_INCREMENT, AUTO_INCREMENT=10;

--
-- AUTO_INCREMENT pour la table `clients`
--
ALTER TABLE `clients`
  MODIFY `id` int NOT NULL AUTO_INCREMENT, AUTO_INCREMENT=6;

--
-- AUTO_INCREMENT pour la table `commandes`
--
ALTER TABLE `commandes`
  MODIFY `id` int NOT NULL AUTO_INCREMENT, AUTO_INCREMENT=238;

--
-- AUTO_INCREMENT pour la table `conditionnements`
--
ALTER TABLE `conditionnements`
  MODIFY `id` int NOT NULL AUTO_INCREMENT, AUTO_INCREMENT=9;

--
-- AUTO_INCREMENT pour la table `consignations`
--
ALTER TABLE `consignations`
  MODIFY `id` int NOT NULL AUTO_INCREMENT, AUTO_INCREMENT=145;

--
-- AUTO_INCREMENT pour la table `consignation_achats`
--
ALTER TABLE `consignation_achats`
  MODIFY `id` int NOT NULL AUTO_INCREMENT;

--
-- AUTO_INCREMENT pour la table `failed_jobs`
--
ALTER TABLE `failed_jobs`
  MODIFY `id` bigint UNSIGNED NOT NULL AUTO_INCREMENT;

--
-- AUTO_INCREMENT pour la table `fournisseurs`
--
ALTER TABLE `fournisseurs`
  MODIFY `id` int NOT NULL AUTO_INCREMENT, AUTO_INCREMENT=7;

--
-- AUTO_INCREMENT pour la table `jobs`
--
ALTER TABLE `jobs`
  MODIFY `id` bigint UNSIGNED NOT NULL AUTO_INCREMENT;

--
-- AUTO_INCREMENT pour la table `migrations`
--
ALTER TABLE `migrations`
  MODIFY `id` int UNSIGNED NOT NULL AUTO_INCREMENT, AUTO_INCREMENT=4;

--
-- AUTO_INCREMENT pour la table `payements`
--
ALTER TABLE `payements`
  MODIFY `id` int NOT NULL AUTO_INCREMENT, AUTO_INCREMENT=3;

--
-- AUTO_INCREMENT pour la table `users`
--
ALTER TABLE `users`
  MODIFY `id` bigint UNSIGNED NOT NULL AUTO_INCREMENT, AUTO_INCREMENT=2;

--
-- AUTO_INCREMENT pour la table `ventes`
--
ALTER TABLE `ventes`
  MODIFY `id` int NOT NULL AUTO_INCREMENT, AUTO_INCREMENT=295;

--
-- Contraintes pour les tables déchargées
--

--
-- Contraintes pour la table `achats`
--
ALTER TABLE `achats`
  ADD CONSTRAINT `achats_ibfk_1` FOREIGN KEY (`article_id`) REFERENCES `articles` (`id`) ON DELETE CASCADE ON UPDATE CASCADE,
  ADD CONSTRAINT `achats_ibfk_2` FOREIGN KEY (`commande_id`) REFERENCES `commandes` (`id`) ON DELETE CASCADE ON UPDATE CASCADE,
  ADD CONSTRAINT `achats_ibfk_3` FOREIGN KEY (`fournisseur_id`) REFERENCES `fournisseurs` (`id`) ON DELETE CASCADE ON UPDATE CASCADE;

--
-- Contraintes pour la table `articles`
--
ALTER TABLE `articles`
  ADD CONSTRAINT `articles_ibfk_1` FOREIGN KEY (`categorie_id`) REFERENCES `categories` (`id`) ON DELETE CASCADE ON UPDATE CASCADE;

--
-- Contraintes pour la table `commandes`
--
ALTER TABLE `commandes`
  ADD CONSTRAINT `commandes_ibfk_1` FOREIGN KEY (`client_id`) REFERENCES `clients` (`id`) ON DELETE CASCADE ON UPDATE CASCADE,
  ADD CONSTRAINT `commandes_ibfk_2` FOREIGN KEY (`user_id`) REFERENCES `users` (`id`) ON DELETE CASCADE ON UPDATE CASCADE;

--
-- Contraintes pour la table `consignations`
--
ALTER TABLE `consignations`
  ADD CONSTRAINT `consignations_ibfk_1` FOREIGN KEY (`vente_id`) REFERENCES `ventes` (`id`) ON DELETE CASCADE ON UPDATE CASCADE;

--
-- Contraintes pour la table `consignation_achats`
--
ALTER TABLE `consignation_achats`
  ADD CONSTRAINT `consignation_achats_ibfk_1` FOREIGN KEY (`achat_id`) REFERENCES `achats` (`id`) ON DELETE CASCADE ON UPDATE CASCADE;

--
-- Contraintes pour la table `payements`
--
ALTER TABLE `payements`
  ADD CONSTRAINT `payements_ibfk_1` FOREIGN KEY (`commande_id`) REFERENCES `commandes` (`id`) ON DELETE CASCADE ON UPDATE CASCADE;

--
-- Contraintes pour la table `ventes`
--
ALTER TABLE `ventes`
  ADD CONSTRAINT `ventes_ibfk_1` FOREIGN KEY (`commande_id`) REFERENCES `commandes` (`id`) ON DELETE CASCADE ON UPDATE CASCADE,
  ADD CONSTRAINT `ventes_ibfk_2` FOREIGN KEY (`article_id`) REFERENCES `articles` (`id`) ON DELETE CASCADE ON UPDATE CASCADE;
COMMIT;

/*!40101 SET CHARACTER_SET_CLIENT=@OLD_CHARACTER_SET_CLIENT */;
/*!40101 SET CHARACTER_SET_RESULTS=@OLD_CHARACTER_SET_RESULTS */;
/*!40101 SET COLLATION_CONNECTION=@OLD_COLLATION_CONNECTION */;
